trafficDensity,populationDensity,roadLength,temperature,humidity,timeOfDay,landUseType,AQI
51,56,2.2199698044275475,27.923664694777983,53.51156239128156,19,Green,23.789429463283344
92,16,12.057456636373576,30.864899021467792,83.74048665712672,12,Mixed,114.73261130313995
14,85,6.1108746842668555,39.34699139325391,42.25898300393822,14,Industrial,69.99541342532314
71,89,16.153622912106577,35.04808577537829,60.46830383752675,13,Commercial,161.95601992260345
60,43,6.896877219547902,42.313082248871154,55.15629966996132,23,Green,68.67629978756362
20,24,9.649182832554223,31.08450035947969,31.087442462743784,18,Commercial,50.168738763495284
82,16,1.220790258253912,35.177239467968846,77.56548681436877,5,Residential,75.16783657035876
86,12,2.3764908680966186,35.78268882729972,34.142754378875985,9,Commercial,88.96575559291561
74,83,8.457377571727012,34.79242905765814,58.45530125861721,14,Commercial,103.49492695440757
74,24,10.118837859625346,37.56584432713791,63.640697696337,20,Green,66.67839774691818
87,67,12.40039041426677,25.935836709370157,67.70558739687522,21,Residential,140.881596415549
99,9,6.541588995476761,32.80909443864476,71.31789775847253,19,Commercial,80.9000727148629
23,66,14.204655836404308,22.60562007020869,45.196343011362906,5,Mixed,103.93516397305551
2,17,17.342325546594886,29.612783191120315,30.59872659950696,22,Industrial,137.84720905047544
21,99,15.817168788973646,32.191676715531614,73.40661974129472,9,Commercial,116.8484026759131
52,85,1.7527576816187858,36.30560648863681,62.13939596085471,6,Residential,58.90042760656913
1,33,10.12963199789875,43.76327631465509,80.16706219243493,21,Commercial,49.06015926112909
87,7,2.9936733899453225,35.016276663708894,79.28330177404166,16,Industrial,83.33786114768407
29,39,5.598855301388022,38.58984790441399,80.59957006727299,17,Residential,51.24459061853492
37,82,19.74658927207578,32.65665148738007,59.10567959877241,16,Green,110.068076807631
1,41,3.707415315128751,35.85260078440828,50.017703750211936,8,Residential,22.026468175410443
63,40,10.478874915575766,21.773305403344335,77.4934921554822,9,Green,72.83569960943937
59,100,12.744958952044263,26.359789521046174,57.07764678175529,9,Residential,104.29194652953542
20,5,14.346834440337975,29.046327330128467,41.006531784206075,6,Industrial,106.15115433308164
32,51,11.633324986251369,31.81233387516284,81.29844117368846,15,Industrial,137.1451875248908
75,25,1.1856461009644894,21.141218637559593,82.95359260634083,17,Residential,43.406428500299555
57,63,7.202764856635846,23.500602438832942,57.97858536841021,5,Commercial,77.60885215206628
21,97,10.836521224309518,26.920357694782645,34.54198363858725,19,Industrial,122.213020951497
88,58,2.6694634837518336,44.28831727252627,53.269565395015874,0,Green,54.93650051921951
48,55,7.661911692974434,28.28367517757627,78.2122595677562,0,Green,62.39375624199564
90,58,1.6308590670359648,32.05102645280206,84.10644171277372,11,Mixed,73.60251798624088
58,69,2.4929914459453943,24.902442818459825,42.20836454985575,20,Green,39.017025207788166
41,100,8.541542247830325,35.2695017768942,34.01841672151629,1,Mixed,94.7213956909994
91,32,3.521599326818147,27.01708038789936,82.64102718797032,3,Residential,82.97504117277417
59,52,11.783276116969605,25.17481446096067,53.364296338732515,16,Residential,88.61186629846439
79,21,14.099834413608049,32.91431571114948,62.505657856053794,3,Residential,116.05564925917754
14,20,16.211147283072574,20.13764497901052,88.08394872304554,10,Commercial,90.62733594237274
61,69,4.8028546406513914,20.191600816230633,33.99388367485337,21,Commercial,68.0863763980266
61,69,4.182169062922325,25.476720227546444,68.89908044712573,3,Mixed,69.16491528049538
46,3,2.986788966353605,20.91803406252053,34.446325354492025,0,Green,10.456154500804095
61,93,13.092174741329098,22.700643853267284,52.52813570799002,6,Green,109.51987961351499
50,74,14.423038803251123,28.47151623346879,78.22887271160681,17,Residential,103.80454343674491
54,61,1.6001367516871987,40.06464198949532,56.00833396533807,8,Industrial,96.33611538400184
63,61,18.788032678630106,34.30121608423252,89.83094123417703,2,Commercial,140.8842609156837
2,93,1.9874543893779757,32.81669314891041,63.54355709679613,7,Commercial,34.56591627265524
100,94,11.28463037072034,27.33722058020304,49.269729158157205,23,Residential,125.11665205728386
50,23,14.472149869567412,43.293842985820405,43.20667955428519,18,Commercial,118.90542794944726
6,54,17.548413351175626,29.92537603092979,51.03123205716971,3,Residential,101.30539741600752
20,8,14.567651710516127,22.177319169894286,52.35199642557305,17,Mixed,72.76603714905737
72,2,16.232833578326044,35.42666290294503,34.12282066343766,19,Green,111.95185159595667
38,30,7.449553658313315,22.845959836915036,52.174451965606394,10,Industrial,85.55645692744235
17,39,16.481677161183732,28.630578570042303,57.85431118435349,13,Green,81.6042472600469
3,100,2.5221820813088276,32.68529846794522,73.36426513432828,17,Green,31.499581344072986
88,35,18.001516465150026,41.85556311712939,69.40376908329648,15,Mixed,147.5178940686559
59,23,11.404255146920988,32.338664508502966,72.52593931374926,2,Commercial,109.94493016363035
13,94,16.52865762928738,37.55646915079161,30.501820912611425,14,Industrial,143.4548962024573
8,5,9.594047405847702,44.820420974976756,43.06004397483216,3,Commercial,56.02320346075324
89,65,13.227976208733974,23.28722799744954,69.70105730399139,4,Green,106.49543951008381
52,83,11.001650557786151,26.86828813798799,59.03936209078483,16,Residential,111.59032373318982
1,91,14.900200913351306,29.86440188994116,30.318808540100758,6,Green,98.12823536911563
83,74,2.550969658581202,30.545704463470784,78.26967854590934,15,Commercial,75.4731864272962
91,3,2.146689595820712,30.275526881638644,76.36857439742025,13,Green,34.17505761208642
59,78,5.694961446192782,42.69027506391387,62.90514977961376,15,Residential,68.79242858748665
70,5,4.0313489221505785,37.850816111671406,33.987799546576326,6,Mixed,61.9519397763965
43,93,17.56388776525183,35.197630352267595,75.99090297195508,8,Commercial,130.15687449955263
7,50,5.165065759802842,27.734317946569554,65.02281526388184,3,Green,29.55427396792764
46,61,19.541439860563496,40.59475960553237,76.91759862947755,21,Commercial,135.3375494687959
34,56,7.40102004365103,43.876512787124724,75.10481954375042,10,Mixed,69.66354027760435
77,65,4.460240398085286,40.52995706375566,78.18012431747023,1,Green,45.98650082559486
80,78,16.004271635707106,20.039127629786822,61.08048398427749,11,Green,103.20661446843978
35,74,13.515447734516647,35.91003425458518,38.4194710916109,11,Commercial,129.2271688161753
49,7,10.46571861260964,21.278384536052517,70.26944840278132,3,Commercial,77.45416422563332
3,25,11.551907467814994,26.440180508343047,67.22842710311824,17,Residential,69.36808550673784
1,50,14.664833787173013,21.48811750869429,74.53519123194523,20,Mixed,76.54532368258185
5,44,5.340640085294676,35.09488632373469,40.19286036304412,6,Residential,54.15812772670203
53,43,19.930344405078095,37.16474783731517,41.69851199401735,0,Green,129.2662193524954
3,4,19.52107008078888,22.862190951647626,83.42457103315971,22,Commercial,88.51105954672988
53,69,13.356188040591801,29.59597207612449,74.99866790712426,12,Green,81.8052134690176
92,25,4.791306567653757,31.405912723888548,84.49370932201938,5,Green,47.96306761257182
62,67,13.924336606194535,29.226325544022913,75.52291926983524,5,Industrial,148.73182972572263
17,18,2.371769770604341,23.025625012129826,65.82931835941811,11,Industrial,55.45211205090811
89,83,1.5823975419103151,30.473694754686885,69.24796422167242,7,Green,56.86587032070823
43,96,5.89597488171306,38.779451195210456,83.3476754364006,23,Commercial,92.18829819036937
33,19,9.78983617804701,21.775191613331387,64.72840527071642,21,Green,41.881810184869096
73,11,17.49717760275923,22.004500352047586,67.94347945970324,18,Industrial,144.02582022794613
61,46,14.816212325559853,28.869282295899605,39.38860296021603,4,Commercial,120.2170480094758
99,0,15.11142390279964,43.54314279047313,58.43527320696616,17,Green,90.99137259308677
13,89,9.084373354513431,36.714316168072855,72.98382671748594,4,Mixed,85.62372231953931
94,13,7.572764858392295,36.96674891681412,46.25656189898193,9,Mixed,92.51115053018736
47,63,8.049736496707451,29.047999770946625,42.13525083147209,0,Green,60.86437694547992
14,37,19.765341710985098,34.84151978021346,48.82960849346493,9,Commercial,115.07652292913029
71,36,1.7620746368371671,20.253279600693585,44.49003767957001,4,Green,43.811983157579874
77,10,17.47359842632652,35.902401160238554,42.894758222183754,11,Green,120.54047589484723
86,99,11.994832762875475,42.83217368940592,55.491050572085214,21,Industrial,163.2277749109165
61,76,9.33369296460222,35.31433670862048,84.47031083301204,6,Mixed,104.50198931701279
39,2,14.779895547887593,41.84246483665862,60.4235788043231,8,Industrial,134.95931744474075
84,32,10.246709887069354,38.09932638665234,41.275222848919384,21,Industrial,139.68115468403244
79,5,17.59504152355155,23.013960410092256,34.61830016285244,20,Green,108.06151948720371
81,49,18.11333541621391,42.561332682146045,71.76936870827552,11,Industrial,180.91368382157725
52,9,9.012697610595653,21.661096108894373,52.967925866183265,22,Mixed,62.40804825884506
23,4,6.25972814746598,33.3491868136941,79.30985679512156,0,Industrial,73.4485481134958
25,22,12.254656243273882,23.55342809483644,69.5706461184462,10,Mixed,75.79563966722951
88,9,18.334903566717127,20.2926652682726,77.77448703248211,20,Industrial,160.75694594605724
59,43,5.002581591107665,30.550856503190975,46.316762365106925,14,Mixed,51.62619290103153
40,1,12.836365087706174,27.376017691353905,71.54153534766348,1,Industrial,102.526897927911
28,12,12.99964418175789,32.15001234494007,45.84371908162313,19,Industrial,109.58490322836134
14,39,14.929147425890338,34.42999716836377,86.3441087670175,6,Commercial,100.54771749281025
44,1,3.4997860174179363,21.093476807723682,68.18245689200246,20,Mixed,40.057614663474055
64,83,14.600674328959682,23.07508237809364,49.470708010520525,11,Mixed,138.96805979964407
88,64,18.27161789264718,33.966059911260636,46.17071173753636,21,Mixed,169.1633640957357
70,62,4.413979068534598,28.579183829316456,41.45559510429861,17,Residential,80.53326405060136
8,100,5.513323173553675,38.229337188736196,71.67845753362366,2,Industrial,93.44757165895624
87,72,19.456506786791152,36.3072912147985,43.12293677987564,6,Mixed,155.6017585320758
0,16,4.438562101480306,41.14010907474767,65.71819595564935,10,Residential,48.51572537251922
7,8,17.233316774022004,37.31232066673063,45.878101615521445,17,Commercial,80.7627971248021
87,74,10.353279272512662,30.748276934753704,69.71813668763212,11,Mixed,117.83157896283579
62,14,5.697390413660364,36.82416555986081,78.89638371243235,5,Mixed,71.49013684448457
10,23,17.544248124177717,26.884529356385464,76.68151458867919,4,Residential,105.79737080861113
80,37,9.460799845050644,27.657837469455316,75.6510798558469,0,Industrial,114.81956782916635
7,34,10.781529724664114,39.72462899801983,41.263344341535124,11,Commercial,67.22720996009512
34,93,7.825434018595548,31.160487910039556,35.30309681907112,10,Mixed,78.7394102719019
34,94,12.266066177263621,39.95950851295881,71.93692970924315,3,Industrial,117.52419732232534
32,48,4.106953579115433,40.56055934170696,52.10083282766108,17,Commercial,55.14006389860207
4,68,8.430549196383453,41.4390584415321,55.94077358420084,3,Green,40.070326349403835
40,61,19.418834124370463,42.91588089603018,31.868945567603465,16,Green,135.84527509141148
27,59,5.9045352213214235,30.774630512832406,45.574586956502955,1,Commercial,68.47188789541002
6,49,13.477996626284552,27.97167045802847,32.02058423246784,23,Residential,87.89627830192275
72,77,7.178611220269203,34.55496866485285,82.75114635607486,21,Commercial,88.90193987500041
71,74,15.695989388045412,29.27931058594069,44.60380099311183,1,Commercial,138.72658965596077
11,8,3.486599553648647,35.02685417000583,63.44023017438048,11,Residential,23.435607425648556
33,33,19.42659985649235,37.639646566095614,32.33875923966782,5,Residential,128.52244376064516
32,75,9.622001286289146,37.210125462303424,70.01084347833948,9,Industrial,136.06730488439214
47,98,5.484958803582815,29.36382217550303,49.38164074524563,22,Industrial,100.61183282501334
22,34,2.3964381992702406,24.17150504246882,83.87515121745994,20,Residential,27.942558196616233
61,0,4.225400196663275,30.76323346155519,83.28709133604215,22,Green,36.51482254504543
87,39,10.875705022564336,23.56485360204772,49.51743710170487,15,Green,85.33834370520249
36,63,7.40306035219444,42.25242587959521,84.05765374142808,13,Commercial,89.76543996883214
98,21,16.748783951769582,28.646936518446434,89.76946040992672,6,Mixed,142.58095255166288
43,59,9.186862949574312,23.861493680583095,79.52493984743688,18,Commercial,74.76521534754828
85,63,5.725571179164968,20.636193997643772,80.69228086531373,22,Commercial,88.12655363157205
90,92,12.725754745476571,36.14555965716211,44.940524166545394,16,Mixed,131.9177459002827
34,71,14.428767120823471,35.92255793636858,64.60214393146538,8,Residential,103.20154965470358
64,10,4.1737962501180474,28.51510416453229,34.03535483804207,12,Green,36.76648680259668
98,100,4.184765109478036,21.792797221191275,35.69507620930018,21,Commercial,113.35048898971623
100,13,1.6967571117373166,30.2407223723808,89.93355672199743,4,Mixed,66.89302475881017
46,59,14.99163828624717,27.78043737658484,49.598354965554655,22,Industrial,146.0286673450248
77,29,13.612286024814297,36.92801599337523,74.89103472293078,4,Commercial,122.96979179847739
2,34,10.017986639246464,35.14448123631726,78.39990318160899,9,Green,43.16502622949316
0,84,17.039238530414746,29.114843204938502,81.48139626043375,20,Residential,96.37209141076518
4,36,16.307732906051008,25.447313856374752,89.85769784412939,9,Commercial,88.99098132523395
89,4,12.121732923538291,44.70089915388979,44.48978911541207,6,Commercial,110.06826957711355
13,82,17.497154329751915,31.35004052990287,32.421049611581985,14,Mixed,129.23057816284157
26,77,4.910982990698597,37.20685589450593,54.67149107967516,6,Industrial,86.96443201840569
8,25,3.1264727685568294,23.51382418945902,37.804840189736815,14,Industrial,48.92799890509457
78,61,6.125242618822803,32.139742491484945,31.345553349723307,2,Residential,90.7641366895706
14,3,2.084650265696982,20.688417996736636,51.625609628489165,18,Green,-9.155871074962208
89,88,11.092221032019609,32.63637794776125,77.02429506451418,9,Residential,121.95085904736253
41,41,18.795508153604267,44.10043517794256,63.97084147350425,14,Commercial,128.39174792734815
76,88,1.7475272727016833,29.605167824645008,48.76667935262124,2,Commercial,70.35156035593076
50,17,3.320088366190509,20.97490031437279,69.26052032956318,5,Industrial,83.60119728939895
62,39,9.59178153738527,20.77389477298359,43.92109081852864,11,Green,84.56452861971442
95,71,18.743625333030195,29.699668998671736,30.8628867643251,14,Mixed,174.00087921803498
51,38,7.00696599455826,24.000623411579852,75.86120318618563,5,Green,31.43686268494007
95,13,10.637461365079456,20.583802408204647,67.42458509184056,12,Commercial,95.54187217483582
3,31,1.7898843219574498,38.90534034875442,75.7381574700576,18,Mixed,18.17015274221042
93,50,3.8185208182796884,31.463075222047266,32.336281001259934,2,Green,45.18885844218114
100,37,19.74597233621809,27.23111929931636,80.22717766983914,7,Green,128.494450602477
22,96,19.337255232284864,42.50207957541202,67.17157200217821,7,Mixed,136.3552351839634
14,22,1.0938596377537828,22.90347400501314,63.80372104275841,22,Commercial,12.779880074205082
42,62,19.08442392304154,43.89797072388298,67.47684288687189,19,Green,117.14053124438628
28,14,13.143278818494506,27.849167934433822,81.86599481210185,14,Mixed,67.49134458537957
35,96,17.49044759588042,42.210091807717035,65.21619039353442,3,Commercial,131.06981379442368
12,24,9.640057257043322,35.07357191198654,64.85702279329075,18,Mixed,63.44839589555064
31,16,10.796324543005754,40.66768399353718,89.44074942394595,20,Mixed,73.57309928559032
70,96,10.288085024881484,44.6003290802616,75.40381002411408,2,Green,101.08904571452715
58,65,13.670420893375983,27.210135945468643,56.53762832706812,12,Commercial,120.52611244324216
85,77,3.6533738403699454,44.028387135189824,72.44382000197567,7,Green,61.35709494114848
27,52,1.5694982075808812,29.73704737256051,53.353828301507306,22,Residential,38.760706513017
65,50,6.850668890232628,29.637797618423058,43.73252774900994,15,Residential,75.30772025299639
41,38,14.388934491996288,28.509677606362644,65.81111261326556,12,Commercial,100.26321352965454
44,50,4.835215590336019,33.53519018368963,85.69092588683708,2,Mixed,48.75784868023726
61,69,13.795216233173429,23.853626079462178,85.74837120092776,15,Green,107.02621358442939
56,5,19.428328876038137,33.84278713395028,50.51431668632942,8,Green,105.62382713304049
5,66,2.7841135999989493,33.5426203102501,61.6606479733017,13,Commercial,47.402461726995234
27,6,13.7794402462774,39.04754531512175,42.69815391419167,12,Commercial,90.85185558987664
27,50,9.431254166786852,40.841249048439636,89.737866569933,20,Residential,65.99411137006658
43,71,17.494702833172603,31.0110337578106,88.86707447207614,6,Industrial,160.1000794602327
83,41,4.3658459995003325,27.558331233787342,68.97053578244683,14,Commercial,82.3410253168929
29,63,14.159893092297127,26.48337243292736,78.2648435806484,6,Industrial,130.8938476739811
61,14,16.924190503314094,24.865595917621796,72.906009677022,5,Commercial,117.74376425580502
74,28,18.947670170006443,21.441189554975622,65.5894931423681,1,Mixed,132.35306636323978
91,32,13.98171253750327,28.561199470867834,33.20087981933386,8,Mixed,127.64174686453002
88,93,10.44632051616012,26.756192303269582,57.285860553159665,21,Residential,126.13323687415996
61,26,12.739097563823062,44.160434646660185,70.48717813004464,23,Residential,97.99069879425778
96,35,17.509194705095645,33.9427206562511,70.65189683302108,16,Industrial,164.97636860662982
0,28,11.841585186137763,28.681925975762688,52.387357105343014,4,Commercial,80.985280411139
26,37,1.5773541342399002,34.5116900248424,86.50151919948183,11,Green,16.280161816067206
61,56,18.688025214632578,23.479917533642386,40.04142193420686,0,Residential,135.95538633275686
76,96,14.101008269599662,31.101093730055073,60.02156677293364,9,Green,119.71967598829654
2,100,13.853754329767684,35.65585803552659,71.45303859304937,10,Green,65.46885271990891
69,26,5.097827895556627,32.222445794811286,71.82814835350855,15,Commercial,47.28010406229097
71,54,13.518823934420487,30.044470016358105,68.91833740612893,13,Industrial,159.25251080953916
26,32,8.483423707429012,44.84620972249245,46.51729280711161,7,Commercial,71.63014260354778
8,67,13.37342656378835,42.00786905372318,39.37239412119732,23,Residential,94.95444252272047
61,85,3.0252675758518235,35.58514895398601,68.15641960960265,16,Green,53.754297757225594
36,65,13.499060787457685,34.23443402955707,65.95812696836626,17,Commercial,137.50769463556023
96,9,19.988860789642665,35.5165119956146,40.761360617354455,11,Commercial,162.36242314805406
50,4,1.9160287383505645,25.032802695560832,72.3083487342338,16,Commercial,23.10146669369354
43,73,19.56630950020503,29.878443581607964,57.31031950401939,13,Residential,124.67244034774157
23,96,8.731251253734541,20.986488322272482,70.06563549618917,15,Industrial,121.69234801710245
78,37,17.544315556407923,31.888650937170667,80.24202478620904,13,Commercial,144.7360640331529
58,12,15.865324197107196,33.57561459894158,40.183705714615385,8,Residential,120.37398100936717
31,30,11.773308958746687,25.69374340258024,31.1486920798102,3,Green,57.26163395727454
95,46,15.030534975775204,44.10072117913784,76.7461551837472,22,Mixed,141.2310574951686
87,99,17.69179566472561,42.73636527343105,66.58184550915695,10,Residential,156.31461513996388
51,87,8.678666111369626,38.05358088639765,71.97837417732731,5,Mixed,102.03402817660454
61,51,7.213630069701535,33.334665719134065,80.28929849931856,14,Commercial,90.33272271512604
57,55,13.68427432570811,41.749228991192126,78.16865608947003,4,Commercial,108.51962422953663
51,14,16.34907289688391,23.266308595586572,87.65520881572948,10,Residential,118.65120693411815
11,28,15.483417560755699,39.762744856872125,62.156104731127094,17,Mixed,94.20255029766733
38,7,16.158459328314056,23.12052034917121,59.30973795959432,12,Commercial,105.50415903986496
1,4,9.276082981445727,39.855266563735135,54.113231993443804,10,Green,17.543811383723238
2,28,16.53885010732541,26.894189206283926,39.22146257065227,13,Industrial,125.8730871803676
100,46,3.2839720520415603,41.927264525454724,64.35643397292134,17,Industrial,105.41382589385992
55,67,11.34529286125614,43.60105234563495,46.620751459558726,18,Commercial,113.13093416959356
80,75,1.1094145494643097,23.71989923512789,85.27845073277854,23,Mixed,78.93483421758188
58,44,7.167130768105135,31.56689012663484,64.99144825662586,14,Commercial,80.74508913335359
1,1,7.96276916255656,44.52468445406713,65.57041083048661,8,Mixed,33.953192556215726
1,26,8.527281140575852,32.085185899328664,51.2954796526206,7,Green,38.488555835258786
91,94,14.213876927107382,41.588688062863625,33.11936111866245,19,Mixed,153.79307359412056
53,35,8.382603924136568,34.718288053283,31.904625922379317,0,Commercial,103.25223210310459
86,35,9.525178829828082,29.383247697990047,55.40010864919185,3,Green,84.00221243282867
100,25,5.513338486612222,27.144588888146757,35.07392268583427,13,Residential,81.13346802986634
95,42,8.091784040957462,25.08057727715218,66.41081733240836,1,Industrial,136.6403661834407
96,26,5.318122917999878,39.04495478444243,82.85838033837945,15,Commercial,80.636986789994
0,68,2.390722551600429,29.6635126705757,82.97488899112332,2,Commercial,30.791336290122686
18,19,12.46552327424618,32.78188655501878,69.54272460793393,7,Commercial,67.34496091768575
1,10,13.69604317254531,32.30813700002955,42.67390988837586,5,Green,52.95010414586072
52,73,12.770316574182676,34.431975730828285,81.77980988153232,15,Residential,110.76804400383016
43,37,9.806386832210874,41.6394286406138,83.16560611879248,23,Mixed,80.35977251992911
89,5,8.215929823405366,44.518483589585735,41.79921509717752,15,Residential,85.894550700918
31,71,17.40333934186468,30.189605214345423,74.24556514624064,6,Green,105.31235254102137
69,22,10.862553917588142,40.687973052657576,47.19117293562738,12,Commercial,89.59652273649117
31,46,10.104455674964889,39.11319486636794,78.15841874117578,12,Industrial,98.23912946874049
67,89,1.487199250322278,34.338223786389335,89.83427399421616,4,Commercial,72.61557531673205
54,45,7.483708724896971,43.90117859029833,31.801560319763567,19,Mixed,89.69612509144102
74,11,8.223716756931285,25.011862888210068,83.84195194745593,21,Industrial,94.96071636074932
55,89,8.57763283704111,22.731605257740537,67.35783201591948,17,Commercial,76.6031515708371
16,12,12.023275015319314,41.349049173885554,88.40295714988926,14,Industrial,91.05846874241905
37,61,11.13844838781069,30.978745415843708,57.90057105158566,17,Residential,91.61494397233166
23,81,12.550196763075448,41.17422135517651,80.84327583428242,1,Green,90.24499625063935
68,88,15.532781969300437,42.32725512988537,33.743644115896636,9,Commercial,141.62755078276442
97,96,16.446729035605777,21.561439840476787,50.11674300469774,22,Mixed,151.14064835837416
69,59,14.644338448303394,42.086619074651516,34.0209922650726,12,Residential,131.9227791207706
85,42,19.15495022314376,31.207976384235554,88.52058800874423,17,Commercial,147.12412643919566
10,75,1.346419070850871,32.76081222510581,79.0184344363102,14,Residential,19.072341281114515
15,99,4.719781727987376,35.664812777330255,81.15284527475822,11,Mixed,46.06595781874
96,67,1.1436946245847004,43.15956516825217,86.27791388603364,14,Commercial,60.34061974681762
72,4,13.302019568937457,20.4779023607441,35.10620916718712,12,Mixed,129.09357274919677
58,36,18.062580430049753,31.921086707945427,53.1358555508,17,Industrial,169.78334833949398
69,71,5.626163634949686,37.19305106076402,34.26209334264013,14,Mixed,82.0060584672836
79,91,18.613656351129826,38.06767394245571,42.64758609300172,22,Industrial,204.29972616312944
92,30,2.1450804155016563,37.3133107884277,43.76194662226034,10,Commercial,63.13130669635314
2,8,18.75428450930477,23.360878235203046,58.14643266285472,18,Industrial,136.78075889701628
19,50,7.680831057553053,27.48488970929203,46.11373004721855,2,Commercial,64.59282479559636
58,28,2.926995740535114,28.967888135425337,36.058686409065665,6,Commercial,47.634175190881095
35,77,10.231563424540187,40.11093019198762,40.04946534564646,20,Green,82.57326008482349
18,39,5.878754786689651,26.968996810363826,38.836533813125456,13,Commercial,52.97911564144532
89,40,6.412585137276534,25.26762409668008,88.3846078747379,13,Industrial,118.76066744003815
66,85,6.838509333599445,43.936200475952404,75.55755041510841,21,Green,76.07910195351796
18,10,16.257492058820603,20.221582127836722,88.06568791617372,12,Green,70.57535565676227
19,22,11.244064256829835,44.94552139204946,56.38442919047451,11,Commercial,83.67652152437907
95,0,6.914846283964069,36.92053247143489,46.702108899759395,23,Mixed,110.62619551230806
70,45,12.59634188290745,40.71173248622793,77.8975918325512,8,Mixed,124.3222157340233
51,100,14.606862810240678,27.365484908654828,49.57523508246881,0,Green,111.24633912751793
32,20,6.179856013937141,20.3578819416765,47.9630024223209,18,Commercial,49.068487066793175
39,89,8.857432928981678,38.44673796403825,43.950359532469875,10,Mixed,91.77412710444915
38,35,3.3158357734020036,40.8536149250169,37.78073869345412,22,Commercial,37.91053503656349
81,53,4.441837641158926,38.51190329883798,45.387783661005955,21,Commercial,88.41822592499378
0,86,13.941239225334673,23.571257182520966,51.31918490843326,22,Green,64.93930215575081
10,56,4.447328606216912,38.83569805642423,70.43965248874383,23,Green,21.035274273002393
91,0,10.978104289674143,39.22306955269103,33.753890533167095,21,Residential,111.5632333346122
56,62,14.471878972726222,36.46351289175137,42.630416379920575,18,Mixed,119.61580276602406
88,53,3.030661538800133,39.15289831988966,78.54141841750058,17,Mixed,70.106865610936
49,54,11.778932172949167,41.1480359919433,38.81531541502625,11,Mixed,91.96792966057544
22,39,5.874692890325911,35.340102855936465,50.55870879135129,22,Industrial,96.13888146672983
30,14,19.295610629514016,22.215117849241977,81.87953531148841,0,Commercial,103.60090453174085
93,20,10.187367287678569,32.190695241680274,39.29551866860656,18,Green,80.08666535038876
41,46,16.313858445728002,21.941233366790126,34.96421013709139,19,Mixed,98.84382368995028
98,72,11.454304300968973,30.18857577581077,59.07227970480065,16,Residential,127.80339821144791
6,52,1.824838124241564,30.17766222814069,48.14517067671218,4,Mixed,25.61225713554915
15,8,13.029876136286425,21.65024610350604,63.80450186903125,2,Commercial,74.81755888491433
89,73,19.076663501926483,28.72051334923698,78.22829342900852,1,Commercial,147.9582740670032
59,51,12.430624582780293,22.77495246978287,38.22890928916459,2,Green,95.02703041429294
1,56,16.564588329109014,40.20588025023055,64.84194507325711,7,Industrial,113.2878176598043
0,25,17.799922803619747,43.69220064911177,60.330525623391836,15,Green,78.28322658575786
47,40,5.333515667029717,21.807911881448465,38.64472716079197,5,Mixed,63.81957082675492
11,34,5.028851958256306,43.877880182292536,67.43990913173894,12,Residential,43.453584981626996
68,62,12.608638788168843,33.06441498341863,46.4184250716463,22,Green,99.19178314196598
36,24,8.80954092632739,27.489141948846846,59.27005911264075,21,Industrial,106.7052439527509
31,89,16.957364754467687,21.921551881904087,34.93633945662371,21,Green,121.12448725278739
8,74,18.10043934456221,32.51560670176045,57.57504343281738,15,Commercial,115.891734436752
98,37,7.715006206751644,39.86288861226872,48.38780808256922,15,Mixed,92.1304015965589
18,1,5.500540620515159,37.677161931667456,79.34287267112126,2,Mixed,42.01102104472473
47,6,15.829984789633375,21.255650286599344,33.4187236198421,12,Mixed,102.55678779606062
79,81,6.221314675414586,21.822545884197588,55.1164364950998,13,Mixed,106.40563602062427
2,90,16.62967205175989,30.071832065815926,57.50588544788628,7,Mixed,105.39247198345275
19,33,9.051026819326493,27.382262351198584,73.50036457794712,11,Mixed,54.201441222749665
23,90,13.683448086537938,25.809608076401197,64.45725450541266,22,Residential,107.07137410695543
53,16,2.815170962858695,27.02511247271784,70.03274023165086,22,Industrial,56.373425373302034
32,42,12.853327168854888,40.08706858242212,76.62295713910537,21,Mixed,88.54746670926549
23,58,9.583585896007353,43.230701340796344,81.73217841949133,20,Industrial,103.9924461401634
74,50,12.145560800334009,30.12756736318916,48.83252980334823,7,Mixed,116.0747877016999
71,53,4.192269947152405,42.652775053312425,62.28136232183418,20,Green,44.70104755153909
35,23,15.00060115393946,28.03739253119705,80.40648470635199,8,Mixed,88.17483108262198
37,24,17.393144473321343,31.91092465859479,89.36706785790338,0,Commercial,121.68033741949932
83,70,5.1180562017247375,25.650724945399993,83.37115866262579,5,Residential,84.74869558558458
98,51,2.818576554883073,36.0119010543961,52.28803575746261,22,Green,69.01283124857795
88,69,1.4491331348803915,44.47452787937022,41.709991033119024,18,Green,51.25169813312949
98,87,13.197458508422054,35.087327401084465,59.36355224439532,22,Commercial,141.62389317367888
24,32,12.534786685686834,28.945352102838722,74.49848711016253,10,Mixed,84.75849940827777
92,48,11.38725084156733,36.19543614976321,59.554144245197854,10,Residential,136.09547608950214
17,28,5.406994826203533,23.07301696163469,58.99085179882011,22,Green,20.47431054174779
81,62,8.427213922204778,42.21647700663497,80.29382526490804,12,Residential,99.98729354865628
65,21,12.295050368537288,32.577098769495905,51.68422674403118,10,Green,92.60377919954988
53,25,10.438570318324219,31.23374355099105,81.58768048869874,17,Mixed,80.48271786809855
34,27,19.76792488408286,34.646619711337976,54.40828805710341,22,Green,108.27441147369909
79,84,3.5923552985779295,35.619596569735066,49.69398634070036,14,Green,74.92588923695695
60,48,14.207746526904282,21.794395155662826,57.23939467198194,0,Industrial,138.31525348146636
40,70,8.68205659398155,37.06543053058506,75.7468175204921,20,Mixed,87.65331178881209
99,80,9.135792683586681,26.04829200788824,37.56012167183965,6,Commercial,138.08811675377723
32,83,14.63435754750535,37.848815812664746,41.78515295232104,22,Commercial,126.67621609320912
67,48,14.156286875163023,40.56336985960492,87.08668953978551,12,Mixed,120.93477009060567
32,19,19.83386388034158,40.098962688813,40.52949764288144,11,Commercial,122.59294905685601
13,85,3.4394914996283794,33.812524185197226,64.06363907586328,17,Mixed,43.510415614846636
20,91,2.9780833382991605,33.00424730776878,64.75886799971627,23,Commercial,42.433520120719855
47,62,14.762437525446082,23.571899033485295,59.37746772301469,18,Industrial,159.78506026128275
19,60,11.989351423121773,39.38365376007839,68.68471491460912,14,Commercial,101.60972682986363
7,48,6.209052664636311,26.785234511167857,43.789603547857105,7,Green,23.35220509522363
6,70,2.5089680107907455,32.417385570448666,63.15973606660489,18,Mixed,40.08921354216435
66,0,2.62750674233218,27.106852323187915,52.33039531481383,9,Residential,47.43912962988021
16,95,17.989626618618246,23.345709074992328,69.70003557775135,6,Residential,135.9914259635553
32,12,4.645479169656115,35.73894242229341,38.47341260238897,17,Mixed,49.955855055513865
47,93,7.144059680194895,21.358300870572595,64.25264501036858,15,Industrial,114.73850646674863
75,86,5.306471642312772,38.716130853155,41.11622132299942,19,Commercial,88.04710622693811
58,50,7.744929810806809,27.939669881527916,46.71858378690219,5,Industrial,117.04940310290768
85,55,2.319053012175774,20.003367325112134,43.12258801941499,8,Residential,66.8018540143336
21,82,10.862136027257137,32.77822848093074,40.970266792129024,20,Mixed,94.07614860455733
29,61,2.284638708252083,21.17129771319008,79.54265709364002,12,Mixed,39.743476579951285
37,31,16.206773648624868,26.904238945522486,47.14245405965342,20,Industrial,135.77555182756203
50,29,5.440529556298228,37.6744121863929,85.62742691186696,7,Industrial,80.14737979126483
53,28,11.2602263774857,21.567240540546646,88.19559152071145,15,Commercial,91.83697337093969
7,48,17.721502663667707,40.98346230890006,64.27562819622584,12,Green,88.70234637428631
26,44,13.366670011896689,20.09549806646458,38.580067359943584,12,Green,91.06865149144627
26,92,11.12619794447537,26.170596730047556,52.47289460277487,16,Commercial,85.89437122433279
97,29,7.162341309192136,38.52260140380179,77.86393580089285,22,Green,79.18281516896168
20,15,7.327036348105761,27.90675374323267,52.04344372182423,19,Residential,50.685723436726505
29,39,13.720252148765612,22.547309701650338,35.221033098167325,4,Green,96.78620335760698
96,18,19.888647863202184,29.0058479700107,63.407094655691274,21,Commercial,157.7934186150586
27,17,13.574944607138194,26.75983215961314,80.70725108976208,20,Green,67.00285017498824
63,0,11.597884930030473,41.06779755401387,77.75558322861013,16,Mixed,89.12640148835592
96,77,14.882359694545675,27.83369793962858,40.507388407821196,8,Industrial,169.9965886732158
68,46,9.838906633390645,39.72331179440018,70.365876864748,1,Residential,101.01653576576776
60,65,2.1427045094149193,42.29680362026836,43.23025580613883,17,Mixed,50.52683159914677
47,91,11.683639501680286,30.84543548941324,43.09245207313033,8,Mixed,97.71519851312134
18,93,19.194880405602223,42.7485785963598,82.44430639831111,5,Commercial,143.30407147574692
3,37,4.330755904795533,29.432951349079822,44.98013716441381,10,Industrial,48.021114686911595
34,50,14.11009292559265,44.10196041225271,45.794840791080674,5,Industrial,133.59563704839732
63,62,4.8177400845220735,22.232238113139324,30.039203445677973,5,Residential,65.13996278808084
48,3,11.180726004988545,37.17548166258106,82.24014204753107,12,Commercial,75.9900052288092
16,0,2.836852543287673,32.34535101142322,77.55568879254808,10,Residential,22.74321706286166
43,7,9.557047788905518,29.691220136391177,67.63973610544068,13,Green,60.405062270903485
91,28,15.367103249009675,35.81779696871502,75.01594583633053,1,Mixed,142.57381695248557
29,54,7.603858960540659,37.59642729085828,39.12291404546951,7,Residential,63.136756664739785
92,2,13.633322765257143,20.10908174125773,57.499415675254525,2,Mixed,108.37886924074417
45,31,16.113549255004855,24.173827218679968,51.07316324092685,22,Commercial,152.62069661678714
5,9,18.6163785701096,37.826151265857966,35.62659157542099,20,Green,79.78431708682388
98,73,5.458199555253618,36.659635339455164,59.16782911289545,2,Commercial,90.78403397291052
36,82,8.587002400376853,44.15118762821693,85.24437902055811,0,Green,58.68280399805746
23,33,3.8959042532779313,39.025944756269574,32.40354714304167,23,Green,23.002956340246104
92,96,19.857186541009128,43.769317693283455,47.48765480962763,18,Mixed,174.163657134855
45,86,18.61301839056161,37.563512538370176,42.45245617234221,17,Commercial,142.28884761129913
52,54,11.259185475330632,27.45130521598608,44.28879921994178,16,Commercial,99.34304296059055
94,91,16.998632593152003,22.634123056271413,84.50607311276252,19,Residential,155.0853016428064
98,31,10.898201568168801,39.54559658362339,58.08414325405741,23,Commercial,105.33684785945101
59,49,12.848128072052434,36.1037305368979,57.97796477638913,12,Residential,113.55690020156416
96,6,2.6933642102043156,21.204650309832406,75.63453854731694,2,Industrial,91.15476675706321
62,92,15.35013798943935,29.00126164752446,39.26953224029555,0,Industrial,172.18980575817136
84,7,3.4265561890694616,43.91999538710715,59.235921246003045,3,Industrial,76.94864736091687
31,64,16.69528497479804,32.51002864275503,55.799112847263586,12,Commercial,120.66696175472963
86,56,15.858533665737331,30.818228400492615,65.81464143279936,16,Commercial,118.81888670648509
32,66,14.466149257116552,31.44249012898235,89.97346219502631,10,Residential,103.6661891471108
66,87,1.6870472299704802,25.222068100129093,76.16693364492284,1,Green,51.5423193329167
17,86,6.759438762961244,29.21767927161988,53.87194218104563,15,Residential,79.01132696704929
24,58,5.999138828306014,29.245331399679415,79.65318313644282,1,Industrial,90.62404274879171
94,71,7.842591741958863,21.30887550468681,40.24250179874881,18,Residential,114.50439098378666
53,53,2.6652121885129323,39.189190712947955,31.827821178537608,22,Green,37.39106734647589
57,100,18.802198637590195,30.412610797596976,42.26690234785639,18,Commercial,149.2751474134351
66,66,11.522242573535149,40.554497170410585,50.42469336685558,15,Residential,140.40722459030957
45,50,6.8049619025024475,41.258700027997385,60.634845447573596,21,Industrial,111.98466809200646
23,96,8.542648824411385,25.299851367466452,66.90774843247199,18,Industrial,99.65260103764909
31,91,9.496848269591878,36.43383705425322,84.63634303286531,8,Commercial,71.76073524019358
46,7,12.411292333851728,31.807045104074543,60.59124057302746,0,Residential,82.80805214213505
85,33,10.797909126233458,42.003918448037126,60.076538677543766,9,Green,100.701360516107
22,34,18.46844749107393,25.393516979411352,33.01458058937893,18,Commercial,115.80687433260171
65,95,10.442306175210774,36.94533000775111,32.09469315937343,0,Residential,95.1509293380539
26,87,19.85100228164294,35.19380305631806,63.06959771498232,1,Mixed,137.313878016081
1,77,17.17707419715682,27.382536939295818,56.290716794900675,15,Industrial,139.30879119166767
89,31,4.96169977278938,23.415022591279314,80.35082369881792,11,Green,31.099747217666152
16,45,18.68130907823441,36.290994011931915,39.64077508271071,7,Green,98.44232820578927
32,15,3.210961559824046,38.46493645330827,31.498299727022975,22,Green,10.964285041166342
8,67,16.53154446133264,27.89068359408375,56.94232607580756,17,Industrial,118.28616231001605
42,36,8.231842576055023,36.12081510055785,44.24871340513545,1,Residential,91.80358036152717
47,53,17.68151208845632,29.87827269028758,32.97686240033025,12,Commercial,119.9095067324568
38,84,17.493077112041558,37.830172082065445,73.47589721085774,5,Residential,125.21098290097231
92,13,16.3125826022348,24.980381872351327,36.69557999743485,20,Commercial,125.98360252523402
41,94,16.010578289834164,42.25537506590436,66.49917000046631,5,Green,110.5764369715481
25,54,6.788903642862775,27.185239911639492,46.86298501001335,8,Residential,81.05837376619918
98,47,2.537466377973791,29.194649693903823,40.40976302130132,15,Green,45.623416824160266
49,81,8.656623396538068,21.452298802008745,52.78509137515905,10,Mixed,88.02703246109023
24,6,4.296965784743665,22.78780530803191,78.08674657337721,6,Green,13.242334118250964
23,73,14.204070689146773,32.8965475678082,53.52561461427436,9,Green,76.95918402627301
12,6,7.575894804217925,26.689816918199288,75.04617895266334,9,Commercial,40.28395546367709
59,32,19.53659381633838,40.88700564355486,37.52917780794904,19,Mixed,147.15245049710353
6,22,13.178469469561309,20.367334716373847,76.36628517990475,17,Green,44.37213590602591
56,84,16.627130709052857,29.477351216798404,44.215999494398915,23,Green,114.42309875188228
35,18,3.51796878209512,28.433638669227317,70.64358779333236,19,Mixed,34.798673595794966
44,18,17.37827516317983,20.483190772940027,63.94689329045978,8,Mixed,110.95525783009782
19,35,18.532386619754494,23.109209975012757,85.74868303270124,14,Residential,111.14042393673732
64,28,10.254176457559781,30.341066872965882,53.23935107851884,3,Commercial,98.28076823560897
7,59,12.518805817268571,32.32161461118616,33.969911330066424,7,Mixed,106.23690389519683
15,81,15.531386217156914,30.107243681371727,31.149329133075174,8,Mixed,85.7786825902093
13,1,4.321933917947838,33.27344196030235,79.6115136583652,12,Industrial,55.42929322390872
75,0,10.548755452805405,34.87829187264204,61.484138259685935,8,Mixed,77.42666109016491
86,46,8.574597527673948,20.24809552819589,76.51464311009696,3,Commercial,92.21744242649018
14,68,3.7811058510827333,31.602378986337598,44.065536000690884,16,Green,37.028124759552874
91,19,7.983154023539098,44.087481022189706,50.70502473079402,15,Green,86.84068907047782
97,10,2.2952738783243776,32.975807003238714,31.806232332679137,14,Green,58.838053327185804
65,1,1.4904262320402526,36.93855668647383,87.68953947444673,2,Green,31.223813698555592
31,66,3.5681594939416326,27.79659644792208,70.0720744020488,19,Industrial,79.95355860288342
86,86,19.299187120194304,39.34978445381906,85.99230526555837,4,Mixed,178.55196471225113
62,11,11.441061182005322,39.323037046902876,45.92978444574434,22,Green,90.74543282089117
85,19,19.35062106191118,33.03240119135347,66.68781667353966,4,Residential,146.27880842588775
50,4,9.217459688272507,44.40034558198034,70.70999809755827,19,Green,65.8687337636784
24,36,6.924506528619932,23.138755369066335,49.05298201545531,14,Mixed,57.55735570053318
57,37,10.616695393964637,20.423691622239524,80.8865541009378,17,Green,82.78188503968609
62,93,9.350722084025293,39.253955293927405,86.82968777401487,14,Industrial,133.20480032787486
61,8,3.007629000973134,40.178888434122065,83.09130706176026,1,Commercial,41.5695871685822
21,97,13.175699979113919,23.005180728014405,74.34401855636236,12,Commercial,91.44521988282006
57,52,5.1047254676823925,26.63957082396515,46.64788078349724,3,Mixed,68.55046309247875
57,43,12.772171143058761,20.438809084165722,46.8969625263379,9,Commercial,105.5028032227762
85,98,13.353820755564914,27.332715269514118,87.80161922676228,12,Commercial,125.89695829529163
48,85,3.888472209444314,39.32854684796679,30.61706975614152,9,Residential,71.24527885124418
51,23,2.165642915102695,32.949013192814476,72.96299839452867,8,Mixed,37.25622428041585
41,80,15.834470135300357,28.702389829207203,72.37476975331573,7,Mixed,111.40559620370658
69,73,9.736208051617083,29.293482372658257,67.36137245698785,2,Commercial,114.56244610245412
14,29,2.10511211460404,20.033840642886705,89.40653076521195,15,Commercial,33.41071165613419
53,58,19.902460026225576,27.495013189130898,48.712766145823515,13,Commercial,154.35435293729483
59,86,2.097830658930966,36.16146854094826,50.398311827594895,8,Industrial,97.14005791387001
100,95,14.20566934831251,44.35486109540893,34.73636417679333,20,Green,134.70185448904624
96,80,19.68989958000486,41.176520674597484,56.567888192624245,10,Industrial,192.39627965828788
7,80,5.5444219801025865,20.58987411613823,45.662911574090884,2,Mixed,58.920122518744876
52,13,3.7027380050567276,42.46401511687098,50.60320213065865,4,Residential,53.54248989744818
59,8,3.306313849026149,39.579960332465646,80.07430741533766,9,Green,56.77960453534691
4,39,6.762227803784316,39.509403089274514,86.12907081164974,12,Residential,57.671136175768936
67,65,2.919870409202287,31.44989397508929,41.143984320311134,3,Mixed,72.92738167470672
5,24,14.151065492188506,29.95013232386257,52.35053589320795,23,Mixed,80.794207226461
95,72,2.1835441644711913,27.572893220829815,85.71783372692364,12,Residential,86.9735814646018
93,21,10.679020434846004,21.642371473859143,33.70850764135336,11,Residential,97.99533900106128
46,3,19.937240223206558,25.705884087342476,35.54163168668271,4,Residential,136.56959288497333
98,25,16.46543512061436,26.165090874450616,39.76745935237376,9,Mixed,129.21201284035158
54,57,12.689169326389207,32.10192674275504,65.71277004761248,23,Commercial,101.77971640358848
39,28,6.818818794945622,38.68611016491735,39.02833626035985,8,Residential,47.446687387631
51,97,12.85402088954113,31.845245709948664,88.08458288704401,19,Green,102.5714575314819
15,86,11.01378781432138,21.446111236179014,56.802871635511224,6,Mixed,89.47716441792346
12,36,9.095584293917058,43.9447450247051,60.09107762100999,1,Industrial,89.44293246476508
29,74,3.48349715806379,43.56810797735281,44.79951694832439,21,Industrial,79.0597677811989
18,69,17.845480089568866,39.62973857871021,58.25761514608401,23,Green,114.81480891597865
16,17,9.545908327605128,44.783197539105515,69.71481795822069,22,Commercial,61.47865997399296
62,84,4.697827724594536,33.612058320006575,75.07062821724256,6,Residential,71.23153372004397
18,41,7.987427666668503,44.069208756330156,75.23208496259478,7,Mixed,81.7471012245293
91,99,8.868465298049614,21.89012601541877,64.6734667616453,6,Residential,110.88237582575017
57,40,16.72322001577061,29.142018706534284,84.26158649963143,20,Mixed,132.90451588473465
54,37,14.93867323066664,25.634531700169145,79.04447083836656,22,Industrial,128.50591976942465
89,33,15.616792979185457,24.89582710335675,75.42288688191752,13,Residential,126.37137932633713
100,16,1.209594024144297,23.5200737223169,33.33633130082764,18,Green,47.241263988925965
89,36,8.906925965415468,35.56034103914992,30.41267773317896,4,Commercial,103.32706076554916
61,24,10.145538881071149,39.533046393682625,42.74683663172838,22,Green,74.49725023604995
22,75,1.364653259638077,34.45745998550902,69.81141563480713,17,Commercial,34.84526827157143
8,86,5.93645096615565,23.674067739705244,54.671849332952746,19,Residential,42.77192192642809
11,85,15.445506639320564,40.27809424833677,54.1443755579587,11,Residential,125.52447833412141
0,84,3.605084408850982,35.898867679093215,83.07521329377683,22,Commercial,37.31939047695518
57,26,11.170892497599242,29.704142653174888,83.73377088791032,16,Industrial,122.61203848516352
0,56,5.088835568327513,36.85325738840157,84.55051584321515,12,Mixed,48.17935265131962
33,30,1.230294718233972,26.497624481070822,48.832684590901636,1,Green,15.155312071407797
95,5,5.5828276943912885,28.629805212355265,71.46334876435571,12,Green,48.407851968609776
47,90,19.54160134329102,42.937146078299754,46.29799087646218,6,Green,143.76328646398653
88,39,16.2292051257768,27.26261264178551,41.43658998446699,9,Residential,143.29168090904307
0,97,19.231956242099635,31.749706703948416,41.07794744084215,22,Green,109.48966431065593
15,11,10.269226834600886,42.25352843490037,50.52645725181564,5,Mixed,67.30004217066183
60,52,3.0849877748725665,37.69303375668819,55.7974571867893,2,Mixed,79.80642334959211
63,70,11.411230290500166,21.555080654117567,79.8569502633041,2,Commercial,98.58085036446245
62,9,9.633169356639257,23.68257610697426,37.19346560836273,17,Residential,87.03557372743234
68,44,17.042784572052703,20.196039769297922,74.09555084369364,10,Mixed,123.75728081375196
21,16,2.8635690349006473,35.77304475572909,61.88729485135832,21,Industrial,41.22066657711319
92,25,10.276581603413785,31.19183563526046,47.27672056055955,19,Residential,86.76625783943626
66,84,3.850924629185701,23.356871272556887,59.569175071969475,4,Residential,66.0227161434758
75,91,7.168842610911139,43.94835302641926,47.99652418662136,18,Mixed,98.04979958105446
25,61,15.009784470368194,33.2414930986405,65.76491731429836,21,Industrial,157.65022673374787
15,45,10.044344458006565,26.04733235282223,56.03063537131465,18,Commercial,77.81200956652671
50,63,8.141877417769617,32.51508927886769,39.86433174473272,14,Mixed,95.00940197874255
100,1,8.495049292830672,36.99050831837769,36.9949844733418,15,Industrial,120.10306461799115
85,53,9.729488599713747,21.90598044933911,62.80174092432781,23,Residential,105.76173669119825
56,64,15.915314332904082,26.8675953761973,84.1447819971662,8,Industrial,176.79714238750537
28,50,17.949609089864452,40.17413727209984,50.637461193461135,3,Residential,109.57495004662046
77,52,19.151359043574637,31.49162176006653,73.9800064333574,14,Mixed,153.3195069002239
91,35,15.951164338850607,33.66442855080737,69.51968129638601,11,Mixed,151.64969694387852
68,25,6.992731019212242,30.820400055236732,85.89329485856885,22,Green,63.697836475974086
46,28,14.0745594156443,21.097498566075128,79.25886103794845,2,Green,96.08180682689401
93,20,9.314459357052446,24.1437444955039,63.99631553432778,22,Green,79.6300666962015
61,10,5.838741818874972,31.13854096854727,69.42182989404644,13,Mixed,68.01376455055065
68,39,16.97656000909253,25.229636635198197,83.90318799504209,16,Commercial,128.3361524409018
75,10,1.7301006302841748,21.24947571649197,53.97112707521609,18,Mixed,53.33674117859347
15,35,18.133477850573048,41.09124160129559,49.60768235146664,5,Industrial,132.77280521494347
89,58,9.76807182786995,44.5298132291029,30.64866501811178,3,Mixed,124.50493937279597
89,38,13.106828059357328,39.82857184991849,79.59306445148786,6,Mixed,124.38303134929211
47,98,13.527724521909871,41.344623042616675,78.0588420242019,18,Residential,121.62825667819796
84,53,18.007237073424193,26.049428257926134,36.26727108600908,16,Residential,166.98326028826384
38,97,13.09672396117694,44.01567438782999,64.61144286796201,15,Residential,113.27175640560675
99,54,12.664738110441174,24.92314261133571,57.83890189001325,14,Mixed,140.30264923167604
32,23,2.2663887706531094,43.78574525904581,37.12254573054669,21,Commercial,52.349624303017606
93,21,10.849752416958877,44.87048234914877,88.83409362364341,7,Industrial,145.69489303811443
100,68,3.8532110155237915,37.79307014365122,42.88175324780133,18,Industrial,113.28549707420329
22,55,15.011241605708227,44.52859329479555,34.034050805433665,7,Commercial,111.64930458038843
9,32,10.732216495440815,34.23849448917759,65.69084277011457,17,Commercial,87.62444010934313
68,35,13.924327804958713,26.48854457940226,74.33200062798196,15,Industrial,123.80061253100878
99,19,1.791785111445301,30.92489714164052,31.946606762831216,19,Green,45.27265936630948
33,82,2.6110483048702613,34.83902338446965,69.52305832362133,18,Residential,65.79382556556509
51,98,14.610144373190963,21.827039050675374,61.93751255708727,9,Residential,124.96917242250478
94,80,2.3696023839747937,35.55858161543115,36.195900532502904,16,Industrial,124.43901635944863
9,61,2.3538778275399133,44.529445919057366,40.35143261678172,12,Commercial,53.5320453458241
18,97,1.2300610294628616,24.75269124459319,64.07845783896482,12,Green,25.113060443824484
57,72,19.17352656769012,39.81487790720958,47.7814568107973,6,Industrial,184.24236794736817
95,25,15.012658829721133,42.697469844490485,86.29894371907896,9,Residential,130.89160308139788
0,65,7.711776761539219,43.59253982050552,79.12441376904304,1,Mixed,61.84300921459606
68,72,6.634176044465449,44.00339011013618,89.01403239081978,3,Commercial,109.69617935423521
3,72,7.644361365171141,33.0364909680368,45.580250337024836,5,Mixed,62.731595058954106
15,39,15.718417092442456,44.432697699787596,88.18341796787863,23,Industrial,124.32874282592614
23,16,13.566041610337873,38.93275517836097,55.87403218749347,17,Residential,96.74689815880984
79,0,4.518715789481891,24.041785905924048,50.85112771882528,22,Green,33.3876000342938
1,88,4.308077371347602,31.922502661699248,33.0209716181612,5,Mixed,45.37557565460933
91,60,2.869517344554549,37.9582793843001,33.165915471576156,22,Green,56.039198112948924
31,42,13.545751674325425,26.183507895477085,71.52067535679927,16,Residential,91.35464719046219
90,41,15.523080582212984,36.01537958872218,57.475739666041676,13,Mixed,134.2489102135046
83,24,6.035882138175077,36.66501197616548,43.591297562166346,23,Green,68.84427922654692
23,38,1.3979542595873435,24.067493595214145,66.83821837951396,10,Green,4.595831826441379
11,34,2.5612616820521197,34.12713281131891,45.17148709500667,18,Mixed,38.209220955375585
49,2,19.389340662055577,39.29067277446519,64.65790526066536,1,Residential,132.0808543875222
34,100,6.613450772070985,32.47239161339855,51.552524818961416,2,Green,54.87136770780809
32,43,15.615239808924539,20.302577919402687,79.41313359670914,10,Industrial,141.52246145581682
32,50,12.868607808231012,20.225961726982305,79.24176964600676,5,Mixed,100.79823925153373
60,93,8.256853153405022,28.925733599250304,58.641023887344076,13,Commercial,81.49594573183217
50,97,4.908057981715547,43.154851710794546,51.04914656010094,18,Commercial,85.1011551234662
42,11,3.306341945028722,25.71691949009022,51.75358779354568,15,Residential,35.73565376079795
100,18,12.685246392738465,35.85909222179218,78.34287154009307,20,Industrial,161.19441305736586
11,100,15.718041832117972,25.551896767333012,49.69076896785672,21,Green,89.06544976453517
66,43,13.234180817281484,28.041749741488715,42.54356242241076,23,Commercial,100.03006623935738
64,58,11.075740531734008,41.2010522400371,35.08130051251841,6,Residential,109.21261488873733
32,48,1.797073245201089,38.221536056748675,58.0015872530645,7,Industrial,62.25979167105755
39,60,19.401286774293293,22.384981932830264,58.927925935190515,18,Industrial,171.58649030989233
73,16,16.175569641436915,30.71755052466084,80.45452262417443,19,Residential,112.18978106088142
42,73,6.56361869731833,20.729244091131612,43.274321786763835,15,Residential,75.36144563425881
43,56,19.619436257818162,32.022253665075226,52.859476420103995,21,Green,132.9737886517371
28,54,12.43575020309012,36.5608502925267,78.50434433362145,6,Residential,102.82577286273518
12,46,12.066030505937682,22.96256558995379,79.41741664493841,8,Green,61.559316016074824
11,11,15.21339040916111,27.22212347272914,53.076664558726094,12,Green,63.72793315895603
94,61,16.423625973712614,29.945915637553924,57.547441397200856,0,Mixed,151.48153341846466
45,79,13.473093539298551,42.98827561640124,48.197153450956975,7,Industrial,154.23324700192782
1,87,3.4338191809578005,44.831375385574106,85.95329270515873,23,Industrial,64.27401807923304
34,82,7.42708261389547,21.122782474890396,37.118625944494816,21,Industrial,117.76147940924433
86,7,18.633589166194945,39.0251980873848,86.0249653800882,3,Mixed,126.45354838487206
80,94,5.267696625033187,29.293101660058582,71.0319871101206,2,Green,79.01842409628836
89,20,8.071173452912753,29.811454655737002,61.89432916120387,2,Green,59.55982123409437
7,80,9.209460775939723,38.85662433367557,31.95954364706975,21,Residential,97.7506368154329
92,86,9.348694804194592,42.96066080363522,58.5357715093205,12,Mixed,128.91544528013833
25,100,12.645852067395985,43.773214862563705,54.46488630016394,7,Residential,93.47716189161675
73,79,18.918440917149443,34.42806465095802,39.67312871850736,6,Mixed,157.70123838178654
89,69,5.5731615248175945,28.928028982512572,69.38457621003941,0,Residential,86.69873535874018
33,71,3.3085261497174434,39.68872714646948,88.26905444209714,15,Commercial,47.05620143585775
6,24,4.751939307338809,26.275034581557506,63.73132866387151,5,Industrial,64.31260585130256
67,81,17.851573103976122,34.101850720837945,72.88519658663675,6,Industrial,167.3097785086995
57,88,13.270405440448915,28.96446153812183,34.107027153961006,11,Green,111.2488744443172
74,11,6.432228995544042,36.4157768426969,55.06001974901969,22,Commercial,81.28483924135105
28,14,16.50299184040373,26.009972822337673,36.981509109869755,8,Industrial,135.73305060491907
35,58,17.366029930905285,24.789823643370646,66.76775013219063,10,Green,99.81629408457285
88,25,17.083772435115282,42.95597716688593,86.30892949284927,9,Commercial,143.4773475191185
20,25,18.459604139151534,22.545092073738424,69.70666394829831,20,Industrial,145.25022777645535
35,46,5.79257938329387,32.64894769337329,34.608182898865294,0,Residential,67.88104553267429
9,31,15.345796646179288,25.52131957407522,51.27997229910497,17,Mixed,77.38650968399861
100,9,9.75025044820866,20.973249083141685,63.03980276645109,3,Commercial,91.45806064233648
72,15,16.997972504911168,20.90047045728566,54.19246536799513,4,Green,101.57010086429233
23,70,14.841322866070652,24.38054430264568,80.01864062851034,8,Commercial,88.82295014953439
63,16,15.752501483494768,41.66925886265001,78.88026028259935,16,Green,97.7483644950592
98,22,13.467074915940358,27.06196859942567,66.7098612061933,2,Commercial,135.78683425220376
48,25,4.37114661992443,43.761479264382395,52.40747670796232,15,Green,49.38418494929833
98,84,11.355511459041828,34.54055732472984,45.32018242579465,4,Industrial,170.74991195762442
35,85,19.708725050965654,30.91535474421915,36.35245909278776,15,Residential,151.36856963310888
81,6,18.81037326344526,34.502220866736366,51.29386100919324,2,Industrial,190.27587969928805
95,13,1.8203009801432217,32.917459630656694,54.79035103246317,19,Residential,70.04460004538475
23,78,4.131481498859305,38.96940634393313,70.54937550624442,14,Industrial,95.55270808034219
22,6,3.502846695636676,27.062401649321306,69.48958945785441,2,Industrial,44.388607918900654
61,8,14.793618289720614,28.826259790007562,34.20648837847541,19,Commercial,122.54088251231974
95,47,16.537921267281956,42.35235756333127,53.715558925869466,13,Mixed,151.3734954595447
36,71,5.056715959902767,43.661412828760135,40.90673203304171,15,Green,48.427345707634906
11,58,10.61120116608475,42.313955687161865,39.40876231900834,16,Green,57.201539495272904
54,86,16.973357532212802,30.48619984893284,79.63812898423475,23,Green,110.31426036573464
12,92,14.923229350558762,39.50913757517204,32.514913002975455,19,Residential,125.43425175113963
22,81,11.302506904345117,31.90839333252747,55.15097255412728,22,Green,72.39552664024461
88,94,12.216606118716685,32.438496303652556,40.09221934599109,17,Green,110.64472233101235
98,93,10.65885039140932,25.117002726432098,82.75981294070844,17,Commercial,119.22620316096105
29,38,6.6534205750575905,34.77825758146291,63.422430796502105,21,Industrial,91.4864992565589
16,98,11.735417864321306,24.653397443833697,43.88283818261088,13,Green,73.02338794993436
61,17,14.088820738951723,28.289117476679845,60.14563722998258,17,Mixed,99.80980794209977
83,58,17.593135401355347,41.375755040498376,73.88918158218695,14,Green,113.930350163903
88,16,13.089535725605714,25.17689523027138,87.48708053516603,14,Residential,120.1279232156112
85,13,15.461309203820003,21.778957129335822,43.226760254725136,5,Residential,122.35942866499698
12,30,4.041361064136887,21.72518981532041,83.1709063277607,14,Residential,20.38236608073224
58,23,9.769592013976007,43.51961301257769,86.05824685004941,17,Green,62.13369657406179
18,98,1.1773007767147727,32.67301094904587,84.98523267192397,3,Commercial,47.81390336584681
48,59,5.6868984259108375,30.235301795425457,68.12486141171459,22,Mixed,69.65747506350094
99,44,14.802772587147093,40.27196452519796,67.78923926608246,7,Green,119.89926939187289
11,97,19.844389075637906,40.895648197762895,54.192637991029365,14,Commercial,137.00729379854226
60,2,2.884383892157102,28.304775827890115,75.14387293822728,2,Commercial,30.399929568129995
18,36,8.628392001364476,37.34045143684488,61.877641101055914,14,Green,53.70737161672107
75,42,16.20134840528403,39.27807039629717,70.64628427369766,12,Green,94.81526607449047
8,39,4.8766770579490775,36.366267171648865,55.70747423092773,8,Commercial,46.401257047096806
70,89,11.546614036743438,23.789876870002484,73.88978784258833,1,Commercial,122.95777598841329
27,54,14.928354624563822,41.89707708792643,79.46829105627295,23,Commercial,102.57592239698528
77,86,12.703723554943402,33.47736381840022,38.78617539616897,7,Green,114.16969823683573
94,38,4.572469957692906,27.061810659250092,79.97578293445369,19,Commercial,75.90577893446697
51,14,7.752306805029049,30.630704635942347,62.41779190741843,16,Residential,72.00084779250302
82,3,15.892043905222547,20.939277259972684,80.67995454541347,12,Green,107.40930495875497
15,92,11.530303768508317,23.19667003056044,55.878102380460874,0,Residential,83.88177834675422
68,85,1.0993626573153419,39.13866876289652,52.7424291229821,1,Industrial,104.28995271638084
98,24,15.458824440533784,20.000290868884154,84.90364395103335,14,Green,125.92779600522351
11,12,1.6709157438645423,30.414145712057305,45.07015605290408,11,Industrial,51.67604488178737
24,81,15.168941871893411,33.06275452713971,80.65273951716858,13,Commercial,105.66094406896401
51,32,4.847130643139511,21.365860500024308,59.041234350564245,1,Commercial,80.33703027150136
84,15,19.203396122268224,44.32695407430832,60.84572655307558,17,Mixed,146.18486116134278
99,41,7.990874274739605,25.6531332812418,48.50809688936904,21,Commercial,104.34948737903825
52,65,7.211700710423503,27.60496799090702,64.38253203714095,6,Industrial,113.16498604192088
22,54,3.8288729563164488,27.598562806375682,49.512671776572674,22,Commercial,51.39144344119292
15,98,6.806480094314082,25.760416552933748,32.35616485449914,5,Green,49.4601178422174
56,41,17.65636447473581,20.036845552157786,46.31991632066136,13,Commercial,129.8571084590862
38,33,19.9303524149177,38.23361985219991,30.38274260439544,7,Mixed,142.68204921895665
52,29,7.997881079630118,44.17113749498213,88.7012872234114,21,Commercial,70.91949396245833
41,12,9.523601988136308,25.607337082126126,87.94483258918484,1,Industrial,93.84505432692133
57,12,14.719347825852005,36.576179795085565,53.7093178483383,16,Industrial,134.72019854875677
38,17,17.837719828836416,38.54740817396788,73.70225126037876,4,Commercial,102.65012747309595
13,31,12.267842349548898,41.21063447726311,50.7483659046255,13,Industrial,103.4781074342189
94,95,8.438988265378757,30.56572992534023,70.26558942515857,23,Industrial,139.545729133045
4,98,8.83981497612385,27.573272641010732,78.32580258275874,19,Mixed,73.27592391386524
34,38,14.21674478343933,28.132378350575777,86.80537468153445,20,Green,84.79111867621603
86,45,1.0611470084812948,37.815533327462816,54.01273655098032,20,Mixed,78.50470902159573
92,28,12.772197411736974,40.4194866626409,76.99787897736286,21,Residential,119.2169826653954
74,61,7.754367198385791,24.540349193915066,45.95570703792713,2,Mixed,98.94903264120633
17,92,16.0897492942646,29.273525203944132,89.4199382276189,4,Commercial,115.89539574842689
75,61,2.766822156639511,42.54850491872875,31.546175925861068,15,Green,34.05480462229061
8,56,12.17584307201942,40.16733799236848,66.21172839006726,17,Commercial,71.61260100096132
73,15,10.138484907836352,44.6214600690619,69.57035889907962,16,Residential,101.27232357473358
57,55,13.20418499219932,38.85620649205202,71.28273342444773,10,Green,100.24874463615802
16,9,2.2322182951763985,29.829880025698056,37.22325472734534,16,Industrial,62.460822259486775
6,29,12.019691961134495,34.76594584986594,86.31178700838782,15,Mixed,68.34235043017298
45,24,11.66820717123095,36.52535635618301,40.870996743004966,22,Commercial,71.31066284708109
12,83,11.652541793907247,21.961395407928098,67.36520419439046,1,Residential,76.53321777489107
39,4,12.466265665332642,33.61242397759663,43.3605647473851,3,Industrial,106.6626781909724
41,64,13.852890807300883,37.73302071181524,48.43298502127625,20,Mixed,117.95544546764697
8,93,16.294790993934626,24.183032600026507,62.78751250368746,6,Industrial,138.35809927514373
49,48,6.126593682436073,39.51579293563893,55.03160511387459,1,Mixed,88.83697156922487
26,2,16.67593879342118,34.59431951285279,39.61353605859038,5,Green,94.61358764242502
65,44,10.46685796300562,43.80554464243987,40.2561841452509,16,Industrial,149.5067647911996
4,13,2.464107303552292,21.060557455172294,55.088687289767975,6,Industrial,37.75864934338691
28,29,2.112467655635605,26.633153438886673,75.43697869653005,4,Industrial,65.95418321771807
36,67,7.350528055225155,35.0388469824956,83.87787881086732,4,Green,48.69738090215945
37,17,15.913042565117884,27.413997805148266,35.04765973556297,19,Residential,108.42196459539566
82,61,14.445937760077399,37.86060410178106,53.58623445356406,15,Mixed,125.6870487479472
7,36,15.983684328775722,38.97513206304828,36.014733823372595,18,Industrial,140.67353834966556
64,24,10.828112072390578,22.562899101661863,30.995548837955873,8,Green,66.88426979645082
85,47,9.36378096115432,32.84636160516919,69.7031209586374,4,Residential,83.54547478423072
16,64,3.801598007419395,32.7222638897764,66.14696651799527,7,Mixed,66.47555432068435
70,52,7.235662318576919,29.23201925538853,39.78114682889317,8,Green,73.07156755675229
88,78,9.24636795730363,43.3231215642418,44.02876998558385,4,Mixed,107.20231945662685
44,72,2.6834081639127274,40.68765799683053,31.422465218671103,9,Industrial,90.38961474637127
3,14,5.1916271015130135,37.43023454774092,80.09683234166422,1,Residential,25.365928235777982
35,48,12.366280587211037,37.85816589337494,88.4814357629131,8,Green,72.51230700648327
69,87,14.977599170544607,31.542903595327978,38.127572207681446,10,Residential,146.01162771016868
30,67,19.968602716466044,43.0248630274144,43.888512825917886,3,Industrial,175.61692583425764
18,11,18.729153295527595,37.36488568133213,82.10457143681604,21,Residential,107.74557667530793
60,58,13.208738791168638,38.224526541395406,85.5878278773711,21,Residential,112.58234760948025
53,36,9.003713012587369,41.54227259468363,55.17764296840862,21,Commercial,95.8959628603128
38,60,13.087369929456422,26.851789733554774,33.03734833614445,1,Residential,85.24889057700969
90,100,15.927380743524408,40.176772596667575,32.36351002156916,22,Mixed,151.94658030219426
73,42,3.248387627544359,24.8810150739123,64.43699196414062,5,Green,34.08781362352852
89,69,8.788192904229476,28.633548806122196,53.57370653359074,13,Commercial,119.57288135904167
18,38,16.95624342707673,28.390261356746066,31.719145654659272,0,Green,80.29642868448221
38,55,8.292826086727835,44.463136709728516,64.99514353875341,17,Green,46.49768949880506
66,62,11.865573153316545,41.413430593698166,30.678152195341347,6,Industrial,151.63601212695755
44,45,12.167617856381765,37.52924653975649,77.24231748895639,0,Industrial,117.03223103186723
12,87,4.505048809539147,38.17641904038476,48.385969362202296,0,Commercial,53.91466609446888
91,10,7.8824733913934795,34.05181986006428,32.41548018055393,0,Industrial,145.29262191974183
57,61,7.35571448609671,43.67726667771298,65.3011332589892,23,Industrial,123.65529798016196
19,76,1.4977374621092312,32.40646882205904,53.86106486598328,3,Industrial,68.77346851421288
91,97,1.4596435139357498,29.512942746747363,88.42802480142896,3,Green,57.7467223794435
71,24,16.802243829839696,24.075883423289774,62.651919750222135,17,Commercial,134.33607972104895
60,70,6.188345389483436,39.655141306526446,46.514350862220496,10,Green,71.85002442354673
38,51,10.843496558537494,38.36109830188978,72.56633187803848,0,Mixed,89.68906415977096
0,3,6.675785898186688,29.608875963103372,46.28952015256268,9,Green,16.607352090692086
2,58,18.87290565719147,20.629835348980734,84.25459748445391,8,Mixed,93.66655080292838
76,71,5.926638418449701,40.97493319295027,52.483318230442585,22,Residential,74.97974140710494
91,19,9.163479442039767,20.28544958635184,62.99211376657232,3,Residential,93.00705299307694
61,92,17.581874759207434,37.592494490726274,33.03438622945373,5,Mixed,143.89158221777558
62,62,16.996737769044366,44.25642774315143,55.56727427713385,15,Mixed,143.73903730954234
24,53,4.535926939079269,30.941533203705085,79.9418123796597,1,Green,30.745557536227654
55,73,16.2502228861185,25.87433512489882,78.33892832180052,22,Mixed,120.26434468844842
32,97,9.70555084801996,37.62177525108454,43.45911353121157,17,Commercial,98.43818253215912
37,56,10.17640856962175,40.428203550389625,43.56474426063376,9,Residential,85.72888127657407
5,89,3.536119475902932,33.660757901946184,79.03831873279421,23,Residential,66.37493086676476
57,40,2.5314287613853685,44.175881881403654,85.82390521015952,23,Mixed,57.27235265182119
43,2,14.830846832501539,21.291718041449027,35.72165527638021,16,Industrial,111.33434237283018
44,5,10.432761894750696,32.6198899576132,57.00351836557351,12,Industrial,124.69258663091459
31,4,9.300163349688411,37.96134868306375,50.24725673785374,23,Mixed,59.43687077169693
44,4,14.860656344395538,41.566011778729475,82.24130732744635,17,Commercial,87.84498343717726
60,53,15.544745080831085,24.48139029769475,35.01149488080112,21,Industrial,176.45572050104948
46,46,4.019255185717718,40.000087044092034,42.66755655348224,12,Mixed,64.0879042600144
20,86,12.594277840075184,33.81767689296363,75.14810025518966,16,Commercial,105.02777462550452
79,48,3.571727563276025,29.91384204974908,33.077630938872936,4,Commercial,81.76424429116415
84,8,15.276126634551868,23.29287571447734,59.55212284285736,10,Green,97.42409886899104
74,98,13.482147969075651,41.63239397272281,56.5264220807832,6,Commercial,130.7605237299813
100,19,19.175677800585703,23.931830204492883,50.06407073932492,9,Industrial,177.26577342051723
35,60,2.310202310772002,27.744696480227482,53.67433891913542,16,Industrial,93.3211797504323
98,34,2.084039701873832,27.251138299060923,61.79643521581397,14,Mixed,70.92865817966803
18,49,6.361554419170803,41.78535085477136,39.68204150330298,17,Mixed,73.02578851363934
19,81,5.972407990982213,36.817574855222446,64.31975269701556,22,Commercial,63.82912838396902
56,61,5.692597182367996,39.91703492978431,78.32593975799918,21,Residential,67.35996314855947
17,16,18.218837029899696,26.261697469812475,75.60965578740954,18,Green,67.66339432603948
46,87,5.741377797140616,35.62185249017497,39.23399428162642,1,Residential,87.48789190711582
48,2,6.167044796443989,34.293649578593715,38.954968184488436,3,Commercial,75.33943786360959
13,31,15.42856698594131,40.820759419706775,46.0904620646948,2,Commercial,87.63821052471341
14,98,9.54505700656026,42.65217651203152,51.66448358046223,6,Residential,92.62299766354157
30,12,15.757500582148444,20.30391928693467,54.50733488450896,23,Green,62.24139612287077
0,88,2.2419569937233197,36.85049797646982,70.78183301000072,17,Residential,32.34473449229157
53,72,10.263852679794303,21.295894977993225,33.40082592995012,9,Mixed,103.01772765532061
2,67,1.6386584034823701,33.721466626933896,32.08036225356398,6,Industrial,45.54660826073821
15,13,2.190410865651736,27.190818226091956,53.51463377663454,7,Mixed,22.258522068519795
86,100,18.22231161354381,27.669414988053532,71.82982152827883,5,Industrial,184.0954541783304
56,97,3.645662051234308,28.823962586308916,41.60612057738895,21,Commercial,82.98008297307717
74,10,11.115992963229125,35.53231122624025,68.49026887537511,0,Green,74.18339375232088
11,55,8.810816449413425,28.35124914171923,45.58968827641797,3,Residential,76.55975344244501
73,66,7.5995231989180105,38.317476264757005,83.16516652881097,13,Green,70.84861172721222
95,91,18.096833568058177,30.11318463934674,83.741396655997,16,Residential,149.30886990426544
15,28,1.4146445387343005,21.708830007748965,47.83723225687959,19,Mixed,7.661664659170684
71,8,13.612004037336193,39.59399606210268,43.79962523779443,17,Mixed,90.40876183974237
75,66,19.30449425005746,27.14395811481765,54.67823832397387,10,Residential,160.11301736695333
23,24,11.643195485774998,30.819171989981566,44.431895110808924,20,Green,84.21393150848034
27,97,18.799626778628745,37.13609708054754,70.34303059750222,13,Residential,141.3434316213543
7,75,1.9928997064344516,28.3114039287178,79.56388107289713,8,Commercial,50.390860030669515
91,41,8.957073062409066,21.41464140366789,70.38552785467303,14,Mixed,111.1654737152018
35,8,5.942998028278972,29.348026175320342,79.46102683496096,11,Commercial,42.35513259422197
89,78,14.885598334633865,43.611214567357585,53.819529732448444,9,Mixed,158.32144142330225
7,39,19.644644719447687,36.04335993246396,39.37901824253165,18,Mixed,111.90824684435292
57,24,5.874071186440708,36.786978716680174,74.27705684385552,23,Industrial,90.41296729577043
59,4,13.429317428007415,35.807053840940995,51.628470308493235,18,Commercial,97.75922761801286
49,10,4.763855022435062,24.97480347398592,70.27624951374796,5,Commercial,47.6746306323264
27,58,11.741274836860589,30.458346602557004,46.23863651890594,19,Industrial,127.68787448478524
91,97,9.814717247078388,38.77349495908295,34.87377808840036,23,Green,101.23204005946045
100,87,19.468101262999205,22.53432243882898,89.5549077292658,5,Commercial,177.882907815665
40,78,12.562018181232865,26.946319402242807,39.37209047583596,7,Residential,116.40958656934401
99,37,7.640621069649557,26.90797771164634,89.30525963780886,0,Industrial,128.68381025124103
63,71,3.1678199128707343,30.80047318986265,88.63679595398685,21,Commercial,85.33163369300198
26,4,3.8736897459637567,44.50921852355462,77.62908623448237,16,Green,27.581310297664555
62,47,5.281021669073467,21.68756366709555,69.56537772491986,16,Commercial,79.5833762082991
16,89,5.768366565465662,32.967524859514874,64.66842301506509,23,Mixed,64.3300292431573
72,17,17.161705098981617,24.48411705030526,81.96609272267008,14,Residential,127.12640101084537
32,69,11.663232977367974,44.266913635243604,47.36637129716928,6,Industrial,134.37098411504923
83,36,10.944427316112963,22.832587618186604,58.060872749092624,18,Mixed,105.91498056456892
76,59,3.180608565515132,30.09002505903978,67.16339816199012,21,Green,47.149013420099905
91,47,17.342654173639264,38.447124620865154,54.671428552169466,22,Mixed,124.47842550838931
28,76,14.73347176096119,37.61386070068613,55.64918724541608,2,Mixed,119.60286631164979
12,27,2.28569887610003,30.56821592234831,49.817080050125064,21,Green,17.07490172879085
45,68,14.448866847365604,28.663104198817955,63.85390900107216,10,Mixed,102.88037561491606
34,76,11.327226129510276,29.940309463821762,81.03447168090696,19,Industrial,130.37243186942996
5,80,2.5527815691887867,26.606906578965983,42.09170268037877,18,Commercial,34.46085211052401
81,39,9.707712189044473,25.133323467669996,86.06598232520648,8,Mixed,93.49333558216497
68,44,10.209229455470892,32.07599243897225,71.34525922489378,9,Industrial,140.63442511629307
46,95,4.149716263102239,26.713343901690184,79.3963927608018,1,Commercial,59.74526691762891
24,61,18.968264793005364,27.186541622431253,63.3714415578007,0,Commercial,114.32001024680079
65,92,17.14953205813258,36.418901586863925,76.77100208544381,15,Mixed,163.50268405593127
9,57,13.711424409253057,44.21343329249731,30.97202384036803,17,Industrial,124.44703933536411
55,66,9.783615659011536,35.09093001398438,79.1028254867721,22,Mixed,107.79143768148802
29,55,8.823545290105661,21.924486676624156,32.40833154512199,16,Green,40.2747620130516
4,39,13.36849587586813,21.889590346351675,83.39480258177176,5,Commercial,61.39488449452528
32,97,11.363205518731204,43.78558052113915,89.5177648343186,13,Mixed,92.59192205866779
64,39,2.1831890117558266,27.43226975768334,47.64404773060667,22,Commercial,50.52338647192824
17,90,10.737550326636303,22.301674652061884,42.61911337714762,14,Industrial,105.353309259348
95,76,16.32166872742395,34.97611467875954,75.92180183148244,13,Residential,155.0043511540234
48,32,9.725557674342204,35.591219457256656,45.1815804552152,23,Mixed,89.17381590420867
10,5,1.9871749735310997,36.212620502967205,81.9337429903322,21,Mixed,6.503595890830345
84,87,15.93928578829663,26.68505069643853,36.170555529448606,2,Commercial,141.330396533918
25,18,4.825911860583513,20.377767105361876,37.557311782761495,23,Industrial,65.48156720719817
62,79,5.913795862872737,44.125384236361796,88.74909330603694,22,Green,52.57028884210193
88,39,4.129420715213622,26.272326142277564,70.43033389620028,18,Industrial,75.60295841512445
85,91,7.274086232558453,36.90065720131369,80.81323346573717,11,Mixed,104.61883619503263
58,96,15.378278608084065,37.66574674696774,49.45976264109108,1,Green,112.974189198695
26,58,10.86833133057481,35.250185426987144,70.58902497123626,2,Industrial,111.45133279288211
48,58,4.8927442088635384,27.822684855341205,65.65450963851583,17,Residential,54.744771841446614
76,47,17.678771484888777,26.777406344101642,66.18900720737682,0,Commercial,147.33541296402922
32,40,17.712055244079053,34.94170706756758,70.9519475722633,19,Industrial,170.70733877085326
97,12,17.54099007587413,41.652390840292284,64.52155038774592,20,Industrial,163.34242494844295
98,44,5.537128016249246,43.66834322308489,55.74374215815996,5,Residential,107.04189589977071
0,88,9.573547539438774,22.64764511009394,46.55536166283281,4,Mixed,77.80822867440232
20,52,19.714803466676628,23.870715314942995,76.11487985479212,0,Commercial,121.69087132871687
54,41,15.668237049889816,43.618406469576996,43.57634580019117,18,Industrial,148.56600459771704
5,99,1.5161810032856367,38.413380708369814,71.54125836926485,0,Green,19.47728661883574
91,62,2.238887233949349,42.07484562074433,43.999969358959596,20,Industrial,120.80531525498591
80,26,9.814696159434323,25.06581585338358,67.51981019726723,20,Commercial,83.75385333855648
68,37,18.275183911369645,34.68964677773505,74.82469602774174,15,Industrial,163.18131199810654
94,59,11.23533416110157,37.52848986043684,43.122833334392354,11,Residential,136.560087522381
4,6,10.458437652651515,37.002797136174316,33.5965980516785,21,Industrial,99.97023482060456
2,4,3.0040002991759813,30.203792271667453,37.858424579650446,7,Industrial,38.24905810274592
52,44,13.478821989761586,20.38487229228271,66.35981803626153,15,Green,82.20918382582788
22,57,16.619960051404284,34.573151420106576,80.96678437354413,0,Residential,117.2978305820286
100,30,8.227980142643684,26.32753847949022,32.699809274125464,3,Residential,108.76970867491488
52,22,15.736625167581222,31.25635615357226,74.04907554249877,9,Industrial,149.88083472680356
36,41,19.32505642411542,43.939525377095435,50.47911875700313,10,Green,114.50813420196883
73,9,4.871562723426093,29.975882941060867,58.711702195171355,16,Industrial,99.20135146578333
73,31,10.943262992700085,40.995040166610664,85.73157299073394,22,Industrial,133.57012991702075
82,52,6.455621203606936,24.71351514373128,49.91829028415073,6,Commercial,104.62631079364478
16,29,16.064233961642948,36.81151245062572,57.92021603636916,11,Commercial,94.37333890039079
84,38,11.974273951741992,44.42517386097359,30.820944885640866,20,Green,99.55622167179277
77,30,13.057065933455771,22.54732752182342,34.8959232002903,6,Mixed,103.65551452843742
72,81,16.160369032701986,20.2079985556798,45.51549546808704,11,Commercial,128.4716776597931
0,99,8.523438980586644,30.83956981581536,31.671134449264464,14,Mixed,78.56756243175366
50,1,18.386711299733822,22.31563707628418,67.88251956289506,1,Residential,107.66656929821792
44,77,11.12754847767666,38.70960874190578,55.58390140809735,13,Commercial,102.34441796698115
76,76,4.001141633871612,42.863716596213976,62.88871216368132,12,Commercial,99.2670733774748
3,92,14.222083245207246,30.85052431771897,40.47883115377977,3,Green,97.93201499793027
61,11,16.07196565832683,26.467791053886025,47.75592176619696,13,Mixed,136.91824211267468
64,38,7.018471864283007,30.860082975165245,69.82946849116351,13,Commercial,94.05795415132295
31,65,17.286405882976307,38.086195446250024,87.91816341782399,15,Commercial,144.28763408020404
33,95,18.21672184054956,20.226354039509275,33.025006416132555,6,Green,121.19167604716202
91,12,6.26118526017837,34.73634973711743,83.42305925131596,18,Green,49.980684496737894
94,45,19.68690798158922,35.33229212218448,64.61287207867251,1,Mixed,149.5357854296609
71,26,3.67351903292641,35.942206172398386,63.83517400533742,9,Residential,76.43582507299318
38,16,4.83829769964731,26.05055199952193,60.01671211246562,17,Residential,47.71619271499858
25,94,4.500271945522496,37.85131808445317,34.163645154251,16,Industrial,98.61657398753817
33,97,17.985804490149537,22.28478715829441,35.39261110416964,4,Commercial,130.95600789245145
53,59,13.431558494174276,24.98175841167002,66.05472033954516,11,Mixed,105.45693272275805
2,63,3.8899813812231847,41.93675116636204,50.4575142861335,5,Commercial,46.52909860854423
49,87,9.366144948998631,38.46807876816416,85.03608399466084,21,Mixed,86.06849719791951
11,34,12.690662476326239,20.343638850283632,54.39543224156834,8,Mixed,80.35388158561204
64,69,2.5858176147982825,26.209406509245007,38.59688752215847,19,Mixed,82.12208257497586
53,82,17.765910999739436,25.360162074829113,72.88313001012216,0,Commercial,116.37691599606256
4,29,16.26846717338917,26.770158200924314,47.60120528646059,21,Green,57.223128197713514
93,70,10.598928697956126,26.188994256997162,61.52821844135359,14,Commercial,126.33572011207528
93,73,19.37540568992424,21.563157393571142,71.8699671303102,20,Mixed,176.04234195191302
56,95,8.937458606226894,31.47351291492051,84.01584667212423,5,Industrial,124.18148364550935
16,97,19.69809606169346,38.31833686965413,77.53147168810057,18,Residential,115.5185943631427
46,62,13.690479977268915,35.16829311793591,70.58166407236345,17,Mixed,124.34713384210293
22,27,13.058754191824887,36.821791714952,70.77799094370862,5,Industrial,106.56967868859871
78,59,4.153143010619915,22.02872946340598,86.7554786419252,12,Green,49.58344965231212
100,78,17.756627407788237,43.78726775441968,47.74944584979217,0,Mixed,169.35609472804367
84,93,9.122304070491687,40.96229584607562,30.066725651771243,22,Industrial,144.0329732373889
13,36,4.082434709867108,40.12725796239157,46.317273563891916,22,Mixed,32.34460051385271
65,92,1.2395428795394219,40.57459512604419,43.07348277760464,12,Commercial,61.52728321950458
74,21,11.635357989129268,43.31776270331903,69.7100751068399,6,Industrial,151.748620584903
50,67,11.020592820330851,33.60634915284244,68.02269598593173,14,Commercial,111.71810021788238
37,19,14.667718825014013,25.00705044669065,65.60768296228343,11,Commercial,101.72440932435168
63,95,17.91490300733824,35.41959019631353,30.974606592567223,0,Industrial,161.69664015935152
97,99,2.508725108217561,38.572037341698476,73.72668326703885,14,Residential,96.86728363327948
37,67,14.898433316466885,38.44793483385064,49.411824749129494,3,Industrial,151.08257315828627
49,90,4.560826937854062,33.036225604172,69.90335934039786,12,Residential,61.13971247421327
97,63,17.305364009986114,21.711467983339453,63.3947057101292,22,Mixed,154.51674441032387
81,16,16.562206763371464,29.277823460753197,50.56385552567443,4,Mixed,139.4251379190274
29,11,11.275081344725344,43.01916521158393,38.07457602624646,1,Industrial,114.6654413492566
78,21,14.494613173842918,34.61122274393565,35.66513385962886,22,Mixed,114.32710301503657
90,16,6.97265215049122,33.45829858139284,79.89109998673342,0,Green,63.498456900901054
50,9,9.952190079723477,26.721337859554836,85.10385252489348,15,Commercial,81.59840203005099
62,64,16.61110105649896,29.211222997914472,68.98728280585797,22,Commercial,132.7935419436684
97,21,9.726038746291064,42.383652228829234,36.206046891629,5,Residential,120.82916837912722
51,89,7.798167041183394,36.6615761881709,54.12163301329444,22,Mixed,97.06780271062279
37,81,10.390036497755698,39.684675668808325,73.73635200630943,15,Residential,102.84270907478752
96,49,16.73673579630715,31.358635576691377,76.78925304060408,13,Commercial,153.1904872627312
87,13,7.368952900046581,35.75618048640395,37.093117337465316,2,Commercial,77.01986183070852
78,63,4.3014702695791325,26.20959021858019,30.001843130722946,14,Mixed,82.14894543210619
29,46,14.528266386284834,37.636520757087155,72.7282227528363,2,Green,77.87226907236831
50,28,16.693586041453557,30.690033342583433,51.395770559172334,22,Green,108.30481976793803
80,75,2.912112091947133,31.063637870368638,45.268879897095616,1,Mixed,83.37873051114008
4,35,5.55760814236295,36.23305811442204,30.773848187371527,0,Mixed,42.57514289490611
28,98,3.697467805458884,43.407015536723165,62.41796440568998,8,Residential,51.50843165964342
3,51,7.610886820061166,21.600158665215524,81.0690441255589,8,Mixed,35.09847809958763
9,75,9.55666859920284,40.61858093367519,87.45789877635528,22,Green,57.26469550456324
55,6,15.227700402302823,27.309577760304826,63.94469703679735,6,Mixed,97.33382108756075
16,28,13.371804112751809,31.097986362659448,60.86767966439365,2,Residential,90.05311455082388
73,10,12.797642782090191,20.547833219375224,35.10338312935447,17,Residential,87.65603959062828
16,32,7.695123985583434,27.526151945857826,62.93236809255598,10,Residential,71.21712548992204
83,5,16.987503508610438,32.565781065753264,52.79874473792368,6,Residential,135.80944018172724
87,78,9.954456180565126,21.404401933685975,66.42811685301461,8,Industrial,145.30220050403864
68,31,19.602993822287935,32.27739323457913,53.3235808725928,0,Mixed,159.2686790351235
33,50,13.048700627619,43.17776572146069,44.417947407022005,13,Commercial,110.4214408838963
5,74,3.399030089725552,22.63483045269513,35.69791651370259,19,Mixed,37.902292501626086
52,57,13.847373679433247,39.11101820188761,48.89510667533374,5,Industrial,146.04532446779365
65,86,7.176976293202281,30.241776334399816,35.798690057265134,6,Residential,77.01062472901741
76,25,14.040216737035852,36.37934286310845,40.613817049439035,9,Industrial,159.55747365834554
42,97,2.323181815085709,26.505914949630736,89.24016951477276,6,Green,35.133558333960195
74,45,4.322747306343228,23.987306563533956,56.64621341439712,1,Green,31.474328050593396
22,97,17.25900791920994,24.01156535678066,61.91230599030099,3,Mixed,113.18773637428582
54,28,5.316411583446783,21.762298641078615,82.41711172423292,20,Mixed,66.80192695752044
79,3,16.90378137961586,24.641167622531075,89.73413402944126,16,Commercial,137.01175417000294
94,80,6.306245680633798,36.605484624724205,64.96286696068088,0,Commercial,103.56029382122662
74,98,13.214756291115446,42.042265296087706,78.74842926265029,9,Green,103.18687816860083
15,12,14.188860896686789,40.353142139779045,49.61646146020051,18,Residential,70.94578986857869
7,38,10.740440309756005,37.12835774686211,48.34463744683747,14,Industrial,115.33955553487979
3,14,6.800902857237895,22.760796585277568,54.16222325967361,9,Commercial,43.3351290617499
3,28,5.040243151050826,27.229686157398746,70.35043576041895,18,Commercial,30.21071320424452
55,28,1.6305977366860982,27.745171883061722,70.93150135530593,11,Residential,36.826155063756836
24,74,6.774981623573752,26.24892365994053,48.91436607896705,23,Residential,75.15155261929645
66,31,13.410093020094378,32.875141492743076,37.99259544819772,15,Mixed,118.56941879491433
95,1,18.82779155052117,33.38884537199181,67.94377538793051,8,Industrial,162.8565051536517
66,46,17.55288516299799,28.922149379277755,37.69955173132587,14,Residential,125.15517560870347
26,77,15.555230754170749,28.844728968410898,64.7095504937598,16,Commercial,102.25511755802498
92,83,15.980499521812675,40.713889947652035,71.60532768337853,13,Commercial,147.10249702551238
31,21,13.63471316604391,39.73232120799214,72.0366897836671,17,Green,63.81850655762372
49,74,5.945450293754057,27.69489579201864,75.2083266395758,1,Residential,90.6263181449121
60,26,18.236705583410767,42.84471109683148,82.37156529393988,3,Mixed,124.27750738443177
50,66,13.743913926210848,43.82037542506265,59.997539517887304,17,Industrial,133.78722628478076
18,80,11.648371988628359,28.16856355075102,73.81495137177427,6,Mixed,77.5591031071193
20,55,3.1087999150561405,28.86062371982637,67.1503641219502,12,Commercial,39.261371896635
4,91,9.494055332322084,32.64085383554897,41.19839638786095,14,Mixed,60.95736656014573
81,92,9.746807152836599,43.52802031334184,31.54137869216449,22,Commercial,121.78429481901094
91,20,17.42670858093073,41.907985828557784,47.07248314061603,21,Commercial,128.94579675148793
41,46,11.386316183567981,22.564199064589744,56.582022380257165,0,Commercial,101.67232216014914
60,79,8.227610430437784,29.818268581785404,67.02635666571938,10,Commercial,95.26469369439353
21,100,19.559206241702526,33.8342797437443,80.99755983019233,9,Commercial,158.17336718956668
20,58,3.1036912731999977,32.5783118137885,41.77474300236994,4,Green,22.97463863349859
69,83,9.028420137926947,24.846576698422318,37.53298739390863,15,Mixed,74.44067895022582
0,5,1.7984688282567005,41.47041927920387,87.80879684845965,10,Green,4.582360315840351
4,18,15.058178294571677,36.92351957492093,36.482673562584424,20,Green,71.44655961635482
11,56,18.44345449178386,40.94770937129509,58.70946420643135,5,Residential,123.40494670214191
89,68,6.3207092614592995,41.46910698373681,65.13382372759811,8,Residential,88.25814943384357
45,2,17.308491859183295,38.708896341643495,62.482465254446296,12,Residential,110.70751148284664
33,0,6.552146378776057,30.980265031242933,35.161929421976595,23,Industrial,83.8052007092878
48,57,18.304633071234388,35.26366887538561,33.42161484021716,7,Residential,133.95553147116635
77,37,15.325276168338895,24.00913515299358,36.32900564766214,13,Mixed,110.05167905499223
89,14,16.293228759987336,36.84113543687269,65.13526103235675,23,Green,138.7077652666661
44,33,1.3421245564086355,24.48133139348202,62.66069325805927,0,Mixed,45.5991121132159
26,60,19.293396784406493,37.34873976275392,44.02444752220465,16,Residential,134.74012759256672
72,34,14.806748849336142,25.739954018849218,68.2664485107355,23,Industrial,161.6939464095168
25,63,6.790270812336533,22.938782503755498,79.20405012333896,4,Industrial,98.46062766048829
46,24,16.758498632318094,24.132112253573936,32.49473759079562,1,Green,88.7974130524287
85,23,6.348902769883669,20.049803380476757,59.887796612882546,23,Mixed,91.66352244240232
55,11,17.58232295175643,37.96849044633825,71.35862472616142,8,Commercial,127.69161044121381
93,17,3.1390274178268034,38.31002622645948,45.13871562418122,3,Mixed,64.05041259886721
62,14,14.370033571755119,32.87333374783149,48.46625431758895,16,Residential,116.67835585943345
47,79,11.273271056253297,24.03407002638459,66.81827417936303,16,Commercial,99.28564154684628
60,26,2.8341549337133753,22.088858437767243,83.8761176066242,20,Industrial,80.08571659344402
80,71,5.595982736917941,20.478224160932175,78.59546521817396,17,Green,71.51251666409101
25,59,1.235676689268981,24.14370442413052,64.98781314597501,15,Green,28.39332002962311
35,45,9.90659134382561,42.27138837457866,73.81330306543495,7,Industrial,105.14594423622975
0,88,6.724039954440007,26.038421042542044,51.88934821246792,10,Residential,63.68857096598428
7,16,12.368792201657417,28.85678318043039,68.45793168592547,20,Industrial,119.22678673809256
98,92,6.647518346463727,22.63363711203333,57.97089546765342,20,Residential,106.80675464769043
51,52,6.698463118632709,25.559032618704258,41.396168187453654,17,Commercial,77.53007307515486
78,7,15.120670775900464,32.980614269505125,72.10429643263544,22,Industrial,166.23135183491968
46,78,1.9147138835887154,35.193817077391316,63.38787824092932,23,Residential,63.048319728819955
55,26,18.155004908647758,26.133807854155275,51.51729491721548,9,Commercial,111.41025383073713
85,45,17.19301361343245,21.44330398062793,84.68035140471784,12,Industrial,159.8309172012724
13,49,13.688288981301724,29.775821728184965,31.256047069603994,16,Green,79.36679668883964
89,70,12.271209832040302,25.855084273158354,48.94638907496976,17,Industrial,161.36247618624094
27,2,17.953747464653393,25.48884808074505,33.412883866658795,9,Mixed,107.25101722013828
86,92,4.521273411045574,43.99657006783638,75.99163897329763,15,Industrial,146.01875900313004
77,63,2.5004140816257436,35.4075121481431,72.12644724682755,19,Mixed,63.596056551490626
87,43,5.550693228281224,33.9219610793024,49.88113312417902,4,Commercial,85.20560681052832
1,52,16.096987295303613,30.394377588083046,70.53977413242438,12,Industrial,105.97873248650988
25,23,1.6587350678031831,30.723608335753607,53.756233571756994,17,Commercial,40.06937253700066
13,59,12.073329866586302,33.52262509595202,75.37522748534606,16,Commercial,75.7451285929615
58,2,19.913312807634888,37.410745175902676,57.25101976420237,8,Residential,141.494978784944
55,19,17.25822578291325,37.55365240454574,54.736783669899935,13,Commercial,131.04848234285842
6,45,10.9074680918282,24.29234769263624,86.08379492929805,16,Commercial,90.77842309261624
2,14,2.2091772764462045,32.50281880191567,45.05274599344202,3,Industrial,54.73393130858208
22,24,16.796096773328486,30.29895237585255,37.22684039979393,17,Industrial,130.95672405863246
17,93,12.380591655367,41.76317415673461,65.07258679556749,19,Green,84.68456402859609
37,77,3.1837269441317697,35.785473030459414,88.15930873705074,23,Residential,48.26726997475978
98,70,2.7832884116437677,33.312601660399544,52.6703528236312,23,Commercial,88.5035288830247
14,16,18.282909569295256,22.884866054472933,33.72220581772689,14,Residential,102.41027542017446
63,83,13.71480499582349,35.140947233085285,50.358316038574046,10,Mixed,126.26299832515839
88,99,16.756449187018355,22.930097642005837,60.355899259173505,11,Commercial,147.04901065829998
100,8,17.70059910536308,28.4301643891438,39.71538039793282,8,Residential,145.62195096247865
27,37,11.863674688918122,23.571049120358296,69.48613308338952,12,Green,69.92627021718401
73,47,10.831480683345784,37.301841175609226,89.86496334061204,14,Green,66.7103073710723
38,59,9.178120796098813,25.156302845903816,57.104368558886634,14,Commercial,75.0255011611348
